"submission_id","list_num","trial_index","trial_id","topic","is_filler","condition_index","pc_prag","g","pc_prop_rating","selected_marker","marker_index","rt"
1,0,1,7,"sport",FALSE,2,"high","low",83,"wie wir wissen",3,4300
1,0,2,1,"klimawandel",FALSE,0,"low","low",88,"ja",4,5045
1,0,3,5,"schlaf",FALSE,0,"low","low",74,"wie wir wissen",3,6457
1,0,4,102,"leselicht",TRUE,NA,NA,NA,NA,"wie du ja weißt",2,5384
1,0,5,2,"ernaehrung",FALSE,1,"low","high",62,"bekanntlich",5,5106
1,0,6,6,"plastik",FALSE,1,"low","high",79,"bekanntlich",5,2417
1,0,7,103,"kochen",TRUE,NA,NA,NA,NA,"wie wir wissen",3,3606
1,0,8,104,"kaffee",TRUE,NA,NA,NA,NA,"wie du ja weißt",2,3594
1,0,9,4,"digitalisierung",FALSE,3,"high","high",85,"bekanntlich",5,7528
1,0,10,3,"stadtverkehr",FALSE,2,"high","low",71,"wie wir wissen",3,6767
1,0,11,105,"urlaub",TRUE,NA,NA,NA,NA,"ja",4,4230
1,0,12,106,"trinken",TRUE,NA,NA,NA,NA,"bekanntlich",5,3283
1,0,13,101,"bahn",TRUE,NA,NA,NA,NA,"wie wir wissen",3,4959
1,0,14,108,"laerm",TRUE,NA,NA,NA,NA,"wie du ja weißt",2,4352
1,0,15,8,"lokalkauf",FALSE,3,"high","high",58,"ja",4,4074
1,0,16,107,"frischluft",TRUE,NA,NA,NA,NA,"ja",4,4746
2,1,1,8,"lokalkauf",FALSE,0,"low","low",58,"wie wir wissen",3,5464
2,1,2,105,"urlaub",TRUE,NA,NA,NA,NA,"ja",4,3480
2,1,3,7,"sport",FALSE,3,"high","high",83,"ja",4,3324
2,1,4,6,"plastik",FALSE,2,"high","low",79,"wie du ja weißt",2,5483
2,1,5,1,"klimawandel",FALSE,1,"low","high",88,"wie wir wissen",3,4554
2,1,6,5,"schlaf",FALSE,1,"low","high",74,"wie wir wissen",3,6666
2,1,7,101,"bahn",TRUE,NA,NA,NA,NA,"bekanntlich",5,4132
2,1,8,106,"trinken",TRUE,NA,NA,NA,NA,"ja",4,2927
2,1,9,108,"laerm",TRUE,NA,NA,NA,NA,"sofern ich weiß",1,5046
2,1,10,2,"ernaehrung",FALSE,2,"high","low",62,"sofern ich weiß",1,3958
2,1,11,3,"stadtverkehr",FALSE,3,"high","high",71,"ja",4,3410
2,1,12,102,"leselicht",TRUE,NA,NA,NA,NA,"ja",4,3657
2,1,13,103,"kochen",TRUE,NA,NA,NA,NA,"wie du ja weißt",2,208
2,1,14,104,"kaffee",TRUE,NA,NA,NA,NA,"bekanntlich",5,4940
2,1,15,107,"frischluft",TRUE,NA,NA,NA,NA,"bekanntlich",5,4115
2,1,16,4,"digitalisierung",FALSE,0,"low","low",85,"wie du ja weißt",2,5149
3,2,1,102,"leselicht",TRUE,NA,NA,NA,NA,"ja",4,2049
3,2,2,1,"klimawandel",FALSE,2,"high","low",88,"wie du ja weißt",2,5202
3,2,3,107,"frischluft",TRUE,NA,NA,NA,NA,"wie wir wissen",3,3653
3,2,4,5,"schlaf",FALSE,2,"high","low",74,"wie wir wissen",3,2856
3,2,5,3,"stadtverkehr",FALSE,0,"low","low",71,"wie du ja weißt",2,3786
3,2,6,108,"laerm",TRUE,NA,NA,NA,NA,"ja",4,3348
3,2,7,106,"trinken",TRUE,NA,NA,NA,NA,"wie du ja weißt",2,3027
3,2,8,105,"urlaub",TRUE,NA,NA,NA,NA,"wie wir wissen",3,3626
3,2,9,104,"kaffee",TRUE,NA,NA,NA,NA,"wie du ja weißt",2,5054
3,2,10,6,"plastik",FALSE,3,"high","high",79,"bekanntlich",5,5603
3,2,11,2,"ernaehrung",FALSE,3,"high","high",62,"wie wir wissen",3,3221
3,2,12,101,"bahn",TRUE,NA,NA,NA,NA,"wie du ja weißt",2,2767
3,2,13,8,"lokalkauf",FALSE,1,"low","high",58,"ja",4,5726
3,2,14,7,"sport",FALSE,0,"low","low",83,"bekanntlich",5,3532
3,2,15,4,"digitalisierung",FALSE,1,"low","high",85,"bekanntlich",5,4166
3,2,16,103,"kochen",TRUE,NA,NA,NA,NA,"sofern ich weiß",1,2343
4,3,1,8,"lokalkauf",FALSE,2,"high","low",58,"wie du ja weißt",2,2851
4,3,2,1,"klimawandel",FALSE,3,"high","high",88,"ja",4,4432
4,3,3,105,"urlaub",TRUE,NA,NA,NA,NA,"wie wir wissen",3,4542
4,3,4,6,"plastik",FALSE,0,"low","low",79,"bekanntlich",5,2847
4,3,5,103,"kochen",TRUE,NA,NA,NA,NA,"wie du ja weißt",2,2660
4,3,6,101,"bahn",TRUE,NA,NA,NA,NA,"wie wir wissen",3,3236
4,3,7,106,"trinken",TRUE,NA,NA,NA,NA,"ja",4,2189
4,3,8,102,"leselicht",TRUE,NA,NA,NA,NA,"bekanntlich",5,3395
4,3,9,104,"kaffee",TRUE,NA,NA,NA,NA,"sofern ich weiß",1,3303
4,3,10,4,"digitalisierung",FALSE,2,"high","low",85,"ja",4,4650
4,3,11,108,"laerm",TRUE,NA,NA,NA,NA,"sofern ich weiß",1,3633
4,3,12,2,"ernaehrung",FALSE,0,"low","low",62,"sofern ich weiß",1,6839
4,3,13,107,"frischluft",TRUE,NA,NA,NA,NA,"bekanntlich",5,2532
4,3,14,7,"sport",FALSE,1,"low","high",83,"ja",4,6314
4,3,15,3,"stadtverkehr",FALSE,1,"low","high",71,"wie wir wissen",3,4616
4,3,16,5,"schlaf",FALSE,3,"high","high",74,"ja",4,2762
5,0,1,106,"trinken",TRUE,NA,NA,NA,NA,"bekanntlich",5,5998
5,0,2,104,"kaffee",TRUE,NA,NA,NA,NA,"sofern ich weiß",1,3129
5,0,3,5,"schlaf",FALSE,0,"low","low",74,"wie du ja weißt",2,5755
5,0,4,3,"stadtverkehr",FALSE,2,"high","low",71,"sofern ich weiß",1,5182
5,0,5,102,"leselicht",TRUE,NA,NA,NA,NA,"wie wir wissen",3,3099
5,0,6,101,"bahn",TRUE,NA,NA,NA,NA,"wie du ja weißt",2,3711
5,0,7,103,"kochen",TRUE,NA,NA,NA,NA,"bekanntlich",5,4050
5,0,8,108,"laerm",TRUE,NA,NA,NA,NA,"wie du ja weißt",2,3101
5,0,9,2,"ernaehrung",FALSE,1,"low","high",62,"ja",4,6649
5,0,10,105,"urlaub",TRUE,NA,NA,NA,NA,"sofern ich weiß",1,4641
5,0,11,8,"lokalkauf",FALSE,3,"high","high",58,"sofern ich weiß",1,5465
5,0,12,7,"sport",FALSE,2,"high","low",83,"wie wir wissen",3,4274
5,0,13,6,"plastik",FALSE,1,"low","high",79,"wie wir wissen",3,7034
5,0,14,107,"frischluft",TRUE,NA,NA,NA,NA,"sofern ich weiß",1,4046
5,0,15,1,"klimawandel",FALSE,0,"low","low",88,"ja",4,3956
5,0,16,4,"digitalisierung",FALSE,3,"high","high",85,"ja",4,5843
6,1,1,4,"digitalisierung",FALSE,0,"low","low",85,"wie wir wissen",3,5648
6,1,2,102,"leselicht",TRUE,NA,NA,NA,NA,"sofern ich weiß",1,4263
6,1,3,2,"ernaehrung",FALSE,2,"high","low",62,"sofern ich weiß",1,4065
6,1,4,7,"sport",FALSE,3,"high","high",83,"ja",4,4553
6,1,5,1,"klimawandel",FALSE,1,"low","high",88,"bekanntlich",5,2644
6,1,6,106,"trinken",TRUE,NA,NA,NA,NA,"ja",4,4293
6,1,7,3,"stadtverkehr",FALSE,3,"high","high",71,"ja",4,5383
6,1,8,104,"kaffee",TRUE,NA,NA,NA,NA,"wie du ja weißt",2,4843
6,1,9,6,"plastik",FALSE,2,"high","low",79,"ja",4,2312
6,1,10,103,"kochen",TRUE,NA,NA,NA,NA,"ja",4,5070
6,1,11,5,"schlaf",FALSE,1,"low","high",74,"wie wir wissen",3,4435
6,1,12,8,"lokalkauf",FALSE,0,"low","low",58,"wie du ja weißt",2,2431
6,1,13,105,"urlaub",TRUE,NA,NA,NA,NA,"ja",4,3591
6,1,14,107,"frischluft",TRUE,NA,NA,NA,NA,"wie wir wissen",3,3010
6,1,15,101,"bahn",TRUE,NA,NA,NA,NA,"wie du ja weißt",2,2901
6,1,16,108,"laerm",TRUE,NA,NA,NA,NA,"wie wir wissen",3,3474
7,2,1,4,"digitalisierung",FALSE,1,"low","high",85,"bekanntlich",5,3146
7,2,2,101,"bahn",TRUE,NA,NA,NA,NA,"sofern ich weiß",1,3287
7,2,3,103,"kochen",TRUE,NA,NA,NA,NA,"sofern ich weiß",1,5601
7,2,4,3,"stadtverkehr",FALSE,0,"low","low",71,"sofern ich weiß",1,4440
7,2,5,2,"ernaehrung",FALSE,3,"high","high",62,"wie wir wissen",3,3481
7,2,6,102,"leselicht",TRUE,NA,NA,NA,NA,"sofern ich weiß",1,3340
7,2,7,1,"klimawandel",FALSE,2,"high","low",88,"ja",4,2826
7,2,8,8,"lokalkauf",FALSE,1,"low","high",58,"wie wir wissen",3,5601
7,2,9,7,"sport",FALSE,0,"low","low",83,"bekanntlich",5,2923
7,2,10,108,"laerm",TRUE,NA,NA,NA,NA,"ja",4,3894
7,2,11,5,"schlaf",FALSE,2,"high","low",74,"wie du ja weißt",2,1738
7,2,12,6,"plastik",FALSE,3,"high","high",79,"wie wir wissen",3,5823
7,2,13,104,"kaffee",TRUE,NA,NA,NA,NA,"ja",4,4261
7,2,14,106,"trinken",TRUE,NA,NA,NA,NA,"wie wir wissen",3,5078
7,2,15,107,"frischluft",TRUE,NA,NA,NA,NA,"ja",4,3571
7,2,16,105,"urlaub",TRUE,NA,NA,NA,NA,"bekanntlich",5,5490
8,3,1,102,"leselicht",TRUE,NA,NA,NA,NA,"bekanntlich",5,3308
8,3,2,5,"schlaf",FALSE,3,"high","high",74,"wie du ja weißt",2,4767
8,3,3,108,"laerm",TRUE,NA,NA,NA,NA,"bekanntlich",5,3252
8,3,4,7,"sport",FALSE,1,"low","high",83,"bekanntlich",5,8195
8,3,5,3,"stadtverkehr",FALSE,1,"low","high",71,"bekanntlich",5,3259
8,3,6,106,"trinken",TRUE,NA,NA,NA,NA,"ja",4,3343
8,3,7,105,"urlaub",TRUE,NA,NA,NA,NA,"sofern ich weiß",1,3870
8,3,8,8,"lokalkauf",FALSE,2,"high","low",58,"wie du ja weißt",2,5953
8,3,9,107,"frischluft",TRUE,NA,NA,NA,NA,"wie wir wissen",3,2304
8,3,10,6,"plastik",FALSE,0,"low","low",79,"bekanntlich",5,5060
8,3,11,104,"kaffee",TRUE,NA,NA,NA,NA,"ja",4,3734
8,3,12,101,"bahn",TRUE,NA,NA,NA,NA,"wie du ja weißt",2,4835
8,3,13,103,"kochen",TRUE,NA,NA,NA,NA,"ja",4,4712
8,3,14,2,"ernaehrung",FALSE,0,"low","low",62,"wie du ja weißt",2,3496
8,3,15,1,"klimawandel",FALSE,3,"high","high",88,"ja",4,1853
8,3,16,4,"digitalisierung",FALSE,2,"high","low",85,"sofern ich weiß",1,5014
9,0,1,6,"plastik",FALSE,1,"low","high",79,"bekanntlich",5,5589
9,0,2,107,"frischluft",TRUE,NA,NA,NA,NA,"ja",4,4669
9,0,3,4,"digitalisierung",FALSE,3,"high","high",85,"ja",4,2580
9,0,4,104,"kaffee",TRUE,NA,NA,NA,NA,"bekanntlich",5,2463
9,0,5,7,"sport",FALSE,2,"high","low",83,"wie du ja weißt",2,3658
9,0,6,103,"kochen",TRUE,NA,NA,NA,NA,"bekanntlich",5,5837
9,0,7,102,"leselicht",TRUE,NA,NA,NA,NA,"wie wir wissen",3,3774
9,0,8,8,"lokalkauf",FALSE,3,"high","high",58,"wie wir wissen",3,4099
9,0,9,105,"urlaub",TRUE,NA,NA,NA,NA,"wie du ja weißt",2,5189
9,0,10,106,"trinken",TRUE,NA,NA,NA,NA,"sofern ich weiß",1,5723
9,0,11,3,"stadtverkehr",FALSE,2,"high","low",71,"wie wir wissen",3,5275
9,0,12,5,"schlaf",FALSE,0,"low","low",74,"wie du ja weißt",2,6432
9,0,13,101,"bahn",TRUE,NA,NA,NA,NA,"wie wir wissen",3,2878
9,0,14,108,"laerm",TRUE,NA,NA,NA,NA,"wie wir wissen",3,4489
9,0,15,2,"ernaehrung",FALSE,1,"low","high",62,"wie wir wissen",3,6631
9,0,16,1,"klimawandel",FALSE,0,"low","low",88,"ja",4,5261
10,1,1,105,"urlaub",TRUE,NA,NA,NA,NA,"bekanntlich",5,3912
10,1,2,2,"ernaehrung",FALSE,2,"high","low",62,"sofern ich weiß",1,4887
10,1,3,104,"kaffee",TRUE,NA,NA,NA,NA,"bekanntlich",5,5466
10,1,4,3,"stadtverkehr",FALSE,3,"high","high",71,"bekanntlich",5,6554
10,1,5,4,"digitalisierung",FALSE,0,"low","low",85,"ja",4,5174
10,1,6,102,"leselicht",TRUE,NA,NA,NA,NA,"sofern ich weiß",1,5713
10,1,7,101,"bahn",TRUE,NA,NA,NA,NA,"wie du ja weißt",2,3961
10,1,8,8,"lokalkauf",FALSE,0,"low","low",58,"sofern ich weiß",1,3142
10,1,9,106,"trinken",TRUE,NA,NA,NA,NA,"wie du ja weißt",2,2781
10,1,10,103,"kochen",TRUE,NA,NA,NA,NA,"wie wir wissen",3,2508
10,1,11,6,"plastik",FALSE,2,"high","low",79,"ja",4,4160
10,1,12,1,"klimawandel",FALSE,1,"low","high",88,"bekanntlich",5,5846
10,1,13,7,"sport",FALSE,3,"high","high",83,"bekanntlich",5,4032
10,1,14,107,"frischluft",TRUE,NA,NA,NA,NA,"wie du ja weißt",2,5477
10,1,15,5,"schlaf",FALSE,1,"low","high",74,"bekanntlich",5,4780
10,1,16,108,"laerm",TRUE,NA,NA,NA,NA,"sofern ich weiß",1,5797
11,2,1,3,"stadtverkehr",FALSE,0,"low","low",71,"wie du ja weißt",2,6614
11,2,2,1,"klimawandel",FALSE,2,"high","low",88,"ja",4,4622
11,2,3,104,"kaffee",TRUE,NA,NA,NA,NA,"wie wir wissen",3,4002
11,2,4,107,"frischluft",TRUE,NA,NA,NA,NA,"sofern ich weiß",1,4326
11,2,5,4,"digitalisierung",FALSE,1,"low","high",85,"bekanntlich",5,4946
11,2,6,101,"bahn",TRUE,NA,NA,NA,NA,"bekanntlich",5,4056
11,2,7,2,"ernaehrung",FALSE,3,"high","high",62,"sofern ich weiß",1,3364
11,2,8,103,"kochen",TRUE,NA,NA,NA,NA,"ja",4,4755
11,2,9,5,"schlaf",FALSE,2,"high","low",74,"sofern ich weiß",1,4656
11,2,10,108,"laerm",TRUE,NA,NA,NA,NA,"sofern ich weiß",1,3602
11,2,11,102,"leselicht",TRUE,NA,NA,NA,NA,"ja",4,4345
11,2,12,8,"lokalkauf",FALSE,1,"low","high",58,"sofern ich weiß",1,4130
11,2,13,6,"plastik",FALSE,3,"high","high",79,"ja",4,1986
11,2,14,7,"sport",FALSE,0,"low","low",83,"bekanntlich",5,1085
11,2,15,106,"trinken",TRUE,NA,NA,NA,NA,"wie wir wissen",3,4666
11,2,16,105,"urlaub",TRUE,NA,NA,NA,NA,"wie wir wissen",3,4866
12,3,1,104,"kaffee",TRUE,NA,NA,NA,NA,"wie du ja weißt",2,3643
12,3,2,107,"frischluft",TRUE,NA,NA,NA,NA,"sofern ich weiß",1,2960
12,3,3,8,"lokalkauf",FALSE,2,"high","low",58,"sofern ich weiß",1,6928
12,3,4,6,"plastik",FALSE,0,"low","low",79,"ja",4,4757
12,3,5,108,"laerm",TRUE,NA,NA,NA,NA,"ja",4,3842
12,3,6,105,"urlaub",TRUE,NA,NA,NA,NA,"sofern ich weiß",1,5371
12,3,7,1,"klimawandel",FALSE,3,"high","high",88,"bekanntlich",5,6644
12,3,8,101,"bahn",TRUE,NA,NA,NA,NA,"wie du ja weißt",2,7359
12,3,9,2,"ernaehrung",FALSE,0,"low","low",62,"wie du ja weißt",2,5926
12,3,10,3,"stadtverkehr",FALSE,1,"low","high",71,"ja",4,4981
12,3,11,7,"sport",FALSE,1,"low","high",83,"bekanntlich",5,4657
12,3,12,102,"leselicht",TRUE,NA,NA,NA,NA,"wie du ja weißt",2,2468
12,3,13,103,"kochen",TRUE,NA,NA,NA,NA,"wie wir wissen",3,2500
12,3,14,5,"schlaf",FALSE,3,"high","high",74,"bekanntlich",5,2544
12,3,15,4,"digitalisierung",FALSE,2,"high","low",85,"wie wir wissen",3,4082
12,3,16,106,"trinken",TRUE,NA,NA,NA,NA,"ja",4,2207
13,0,1,8,"lokalkauf",FALSE,3,"high","high",58,"sofern ich weiß",1,6110
13,0,2,107,"frischluft",TRUE,NA,NA,NA,NA,"sofern ich weiß",1,1691
13,0,3,106,"trinken",TRUE,NA,NA,NA,NA,"sofern ich weiß",1,4803
13,0,4,1,"klimawandel",FALSE,0,"low","low",88,"bekanntlich",5,6431
13,0,5,102,"leselicht",TRUE,NA,NA,NA,NA,"wie wir wissen",3,876
13,0,6,5,"schlaf",FALSE,0,"low","low",74,"wie du ja weißt",2,1687
13,0,7,105,"urlaub",TRUE,NA,NA,NA,NA,"wie wir wissen",3,4969
13,0,8,104,"kaffee",TRUE,NA,NA,NA,NA,"sofern ich weiß",1,3963
13,0,9,108,"laerm",TRUE,NA,NA,NA,NA,"wie du ja weißt",2,2445
13,0,10,2,"ernaehrung",FALSE,1,"low","high",62,"wie wir wissen",3,3254
13,0,11,4,"digitalisierung",FALSE,3,"high","high",85,"ja",4,4026
13,0,12,101,"bahn",TRUE,NA,NA,NA,NA,"bekanntlich",5,3946
13,0,13,7,"sport",FALSE,2,"high","low",83,"wie du ja weißt",2,6281
13,0,14,6,"plastik",FALSE,1,"low","high",79,"bekanntlich",5,3423
13,0,15,103,"kochen",TRUE,NA,NA,NA,NA,"sofern ich weiß",1,4898
13,0,16,3,"stadtverkehr",FALSE,2,"high","low",71,"wie du ja weißt",2,4789
14,1,1,105,"urlaub",TRUE,NA,NA,NA,NA,"wie du ja weißt",2,3050
14,1,2,103,"kochen",TRUE,NA,NA,NA,NA,"bekanntlich",5,3901
14,1,3,102,"leselicht",TRUE,NA,NA,NA,NA,"ja",4,4439
14,1,4,7,"sport",FALSE,3,"high","high",83,"bekanntlich",5,1898
14,1,5,106,"trinken",TRUE,NA,NA,NA,NA,"wie du ja weißt",2,2168
14,1,6,5,"schlaf",FALSE,1,"low","high",74,"bekanntlich",5,2053
14,1,7,101,"bahn",TRUE,NA,NA,NA,NA,"ja",4,2484
14,1,8,108,"laerm",TRUE,NA,NA,NA,NA,"sofern ich weiß",1,2054
14,1,9,6,"plastik",FALSE,2,"high","low",79,"wie wir wissen",3,3461
14,1,10,4,"digitalisierung",FALSE,0,"low","low",85,"ja",4,3657
14,1,11,104,"kaffee",TRUE,NA,NA,NA,NA,"bekanntlich",5,1591
14,1,12,2,"ernaehrung",FALSE,2,"high","low",62,"sofern ich weiß",1,3267
14,1,13,107,"frischluft",TRUE,NA,NA,NA,NA,"wie wir wissen",3,1926
14,1,14,1,"klimawandel",FALSE,1,"low","high",88,"bekanntlich",5,6010
14,1,15,8,"lokalkauf",FALSE,0,"low","low",58,"ja",4,5194
14,1,16,3,"stadtverkehr",FALSE,3,"high","high",71,"ja",4,5891
15,2,1,5,"schlaf",FALSE,2,"high","low",74,"wie wir wissen",3,3450
15,2,2,6,"plastik",FALSE,3,"high","high",79,"ja",4,2650
15,2,3,1,"klimawandel",FALSE,2,"high","low",88,"ja",4,4342
15,2,4,3,"stadtverkehr",FALSE,0,"low","low",71,"wie wir wissen",3,2106
15,2,5,107,"frischluft",TRUE,NA,NA,NA,NA,"wie du ja weißt",2,3785
15,2,6,102,"leselicht",TRUE,NA,NA,NA,NA,"wie wir wissen",3,3643
15,2,7,8,"lokalkauf",FALSE,1,"low","high",58,"bekanntlich",5,4541
15,2,8,7,"sport",FALSE,0,"low","low",83,"wie du ja weißt",2,5788
15,2,9,104,"kaffee",TRUE,NA,NA,NA,NA,"ja",4,4385
15,2,10,106,"trinken",TRUE,NA,NA,NA,NA,"wie wir wissen",3,6117
15,2,11,105,"urlaub",TRUE,NA,NA,NA,NA,"wie du ja weißt",2,2184
15,2,12,2,"ernaehrung",FALSE,3,"high","high",62,"ja",4,705
15,2,13,108,"laerm",TRUE,NA,NA,NA,NA,"wie wir wissen",3,4518
15,2,14,4,"digitalisierung",FALSE,1,"low","high",85,"bekanntlich",5,6885
15,2,15,103,"kochen",TRUE,NA,NA,NA,NA,"wie du ja weißt",2,3380
15,2,16,101,"bahn",TRUE,NA,NA,NA,NA,"sofern ich weiß",1,3864
16,3,1,4,"digitalisierung",FALSE,2,"high","low",85,"bekanntlich",5,5087
16,3,2,105,"urlaub",TRUE,NA,NA,NA,NA,"ja",4,4343
16,3,3,104,"kaffee",TRUE,NA,NA,NA,NA,"bekanntlich",5,4557
16,3,4,5,"schlaf",FALSE,3,"high","high",74,"ja",4,5925
16,3,5,6,"plastik",FALSE,0,"low","low",79,"wie wir wissen",3,4792
16,3,6,1,"klimawandel",FALSE,3,"high","high",88,"bekanntlich",5,5148
16,3,7,103,"kochen",TRUE,NA,NA,NA,NA,"bekanntlich",5,4274
16,3,8,8,"lokalkauf",FALSE,2,"high","low",58,"wie du ja weißt",2,4455
16,3,9,108,"laerm",TRUE,NA,NA,NA,NA,"wie du ja weißt",2,3523
16,3,10,2,"ernaehrung",FALSE,0,"low","low",62,"bekanntlich",5,4051
16,3,11,102,"leselicht",TRUE,NA,NA,NA,NA,"wie du ja weißt",2,5791
16,3,12,101,"bahn",TRUE,NA,NA,NA,NA,"wie du ja weißt",2,5001
16,3,13,3,"stadtverkehr",FALSE,1,"low","high",71,"bekanntlich",5,4129
16,3,14,7,"sport",FALSE,1,"low","high",83,"ja",4,5544
16,3,15,107,"frischluft",TRUE,NA,NA,NA,NA,"wie wir wissen",3,4359
16,3,16,106,"trinken",TRUE,NA,NA,NA,NA,"sofern ich weiß",1,3169
17,0,1,102,"leselicht",TRUE,NA,NA,NA,NA,"wie du ja weißt",2,3864
17,0,2,2,"ernaehrung",FALSE,1,"low","high",62,"wie wir wissen",3,5315
17,0,3,107,"frischluft",TRUE,NA,NA,NA,NA,"wie du ja weißt",2,4387
17,0,4,7,"sport",FALSE,2,"high","low",83,"ja",4,3826
17,0,5,1,"klimawandel",FALSE,0,"low","low",88,"ja",4,4603
17,0,6,108,"laerm",TRUE,NA,NA,NA,NA,"bekanntlich",5,5101
17,0,7,6,"plastik",FALSE,1,"low","high",79,"bekanntlich",5,4415
17,0,8,101,"bahn",TRUE,NA,NA,NA,NA,"wie wir wissen",3,3081
17,0,9,104,"kaffee",TRUE,NA,NA,NA,NA,"bekanntlich",5,5551
17,0,10,8,"lokalkauf",FALSE,3,"high","high",58,"wie du ja weißt",2,4807
17,0,11,5,"schlaf",FALSE,0,"low","low",74,"wie du ja weißt",2,6375
17,0,12,4,"digitalisierung",FALSE,3,"high","high",85,"ja",4,7841
17,0,13,3,"stadtverkehr",FALSE,2,"high","low",71,"sofern ich weiß",1,3959
17,0,14,105,"urlaub",TRUE,NA,NA,NA,NA,"wie wir wissen",3,1986
17,0,15,103,"kochen",TRUE,NA,NA,NA,NA,"bekanntlich",5,3566
17,0,16,106,"trinken",TRUE,NA,NA,NA,NA,"wie du ja weißt",2,3845
18,1,1,4,"digitalisierung",FALSE,0,"low","low",85,"ja",4,3291
18,1,2,106,"trinken",TRUE,NA,NA,NA,NA,"bekanntlich",5,5875
18,1,3,5,"schlaf",FALSE,1,"low","high",74,"wie wir wissen",3,3738
18,1,4,101,"bahn",TRUE,NA,NA,NA,NA,"sofern ich weiß",1,2840
18,1,5,108,"laerm",TRUE,NA,NA,NA,NA,"bekanntlich",5,4697
18,1,6,3,"stadtverkehr",FALSE,3,"high","high",71,"wie du ja weißt",2,2681
18,1,7,7,"sport",FALSE,3,"high","high",83,"ja",4,4751
18,1,8,103,"kochen",TRUE,NA,NA,NA,NA,"sofern ich weiß",1,3148
18,1,9,102,"leselicht",TRUE,NA,NA,NA,NA,"wie du ja weißt",2,3508
18,1,10,1,"klimawandel",FALSE,1,"low","high",88,"bekanntlich",5,4453
18,1,11,105,"urlaub",TRUE,NA,NA,NA,NA,"wie wir wissen",3,5001
18,1,12,2,"ernaehrung",FALSE,2,"high","low",62,"sofern ich weiß",1,3965
18,1,13,107,"frischluft",TRUE,NA,NA,NA,NA,"wie wir wissen",3,6391
18,1,14,104,"kaffee",TRUE,NA,NA,NA,NA,"bekanntlich",5,4556
18,1,15,8,"lokalkauf",FALSE,0,"low","low",58,"wie du ja weißt",2,5089
18,1,16,6,"plastik",FALSE,2,"high","low",79,"wie du ja weißt",2,1211
19,2,1,8,"lokalkauf",FALSE,1,"low","high",58,"wie wir wissen",3,3125
19,2,2,2,"ernaehrung",FALSE,3,"high","high",62,"wie du ja weißt",2,3455
19,2,3,104,"kaffee",TRUE,NA,NA,NA,NA,"bekanntlich",5,3161
19,2,4,105,"urlaub",TRUE,NA,NA,NA,NA,"ja",4,4148
19,2,5,106,"trinken",TRUE,NA,NA,NA,NA,"wie wir wissen",3,1870
19,2,6,102,"leselicht",TRUE,NA,NA,NA,NA,"bekanntlich",5,1663
19,2,7,101,"bahn",TRUE,NA,NA,NA,NA,"wie wir wissen",3,3852
19,2,8,3,"stadtverkehr",FALSE,0,"low","low",71,"wie du ja weißt",2,4712
19,2,9,4,"digitalisierung",FALSE,1,"low","high",85,"bekanntlich",5,5052
19,2,10,107,"frischluft",TRUE,NA,NA,NA,NA,"wie du ja weißt",2,4010
19,2,11,6,"plastik",FALSE,3,"high","high",79,"bekanntlich",5,4351
19,2,12,7,"sport",FALSE,0,"low","low",83,"wie wir wissen",3,5957
19,2,13,103,"kochen",TRUE,NA,NA,NA,NA,"wie wir wissen",3,4032
19,2,14,1,"klimawandel",FALSE,2,"high","low",88,"bekanntlich",5,5496
19,2,15,108,"laerm",TRUE,NA,NA,NA,NA,"wie du ja weißt",2,3562
19,2,16,5,"schlaf",FALSE,2,"high","low",74,"wie du ja weißt",2,3935
20,3,1,8,"lokalkauf",FALSE,2,"high","low",58,"bekanntlich",5,3175
20,3,2,104,"kaffee",TRUE,NA,NA,NA,NA,"bekanntlich",5,4340
20,3,3,102,"leselicht",TRUE,NA,NA,NA,NA,"ja",4,3521
20,3,4,6,"plastik",FALSE,0,"low","low",79,"ja",4,5468
20,3,5,1,"klimawandel",FALSE,3,"high","high",88,"bekanntlich",5,7485
20,3,6,7,"sport",FALSE,1,"low","high",83,"bekanntlich",5,4720
20,3,7,101,"bahn",TRUE,NA,NA,NA,NA,"wie wir wissen",3,2360
20,3,8,2,"ernaehrung",FALSE,0,"low","low",62,"wie du ja weißt",2,5438
20,3,9,103,"kochen",TRUE,NA,NA,NA,NA,"wie wir wissen",3,3008
20,3,10,4,"digitalisierung",FALSE,2,"high","low",85,"bekanntlich",5,5143
20,3,11,108,"laerm",TRUE,NA,NA,NA,NA,"wie du ja weißt",2,3785
20,3,12,3,"stadtverkehr",FALSE,1,"low","high",71,"bekanntlich",5,3627
20,3,13,106,"trinken",TRUE,NA,NA,NA,NA,"wie wir wissen",3,3994
20,3,14,105,"urlaub",TRUE,NA,NA,NA,NA,"wie du ja weißt",2,6040
20,3,15,5,"schlaf",FALSE,3,"high","high",74,"bekanntlich",5,6295
20,3,16,107,"frischluft",TRUE,NA,NA,NA,NA,"ja",4,3728
21,0,1,102,"leselicht",TRUE,NA,NA,NA,NA,"sofern ich weiß",1,6588
21,0,2,5,"schlaf",FALSE,0,"low","low",74,"wie wir wissen",3,5642
21,0,3,105,"urlaub",TRUE,NA,NA,NA,NA,"wie wir wissen",3,4219
21,0,4,103,"kochen",TRUE,NA,NA,NA,NA,"ja",4,3784
21,0,5,2,"ernaehrung",FALSE,1,"low","high",62,"wie wir wissen",3,7006
21,0,6,1,"klimawandel",FALSE,0,"low","low",88,"bekanntlich",5,5252
21,0,7,108,"laerm",TRUE,NA,NA,NA,NA,"sofern ich weiß",1,2464
21,0,8,101,"bahn",TRUE,NA,NA,NA,NA,"wie wir wissen",3,2751
21,0,9,3,"stadtverkehr",FALSE,2,"high","low",71,"wie wir wissen",3,4835
21,0,10,107,"frischluft",TRUE,NA,NA,NA,NA,"wie wir wissen",3,5638
21,0,11,6,"plastik",FALSE,1,"low","high",79,"ja",4,9317
21,0,12,8,"lokalkauf",FALSE,3,"high","high",58,"wie wir wissen",3,3505
21,0,13,7,"sport",FALSE,2,"high","low",83,"sofern ich weiß",1,4146
21,0,14,106,"trinken",TRUE,NA,NA,NA,NA,"wie du ja weißt",2,2877
21,0,15,104,"kaffee",TRUE,NA,NA,NA,NA,"sofern ich weiß",1,3326
21,0,16,4,"digitalisierung",FALSE,3,"high","high",85,"wie wir wissen",3,3068
22,1,1,5,"schlaf",FALSE,1,"low","high",74,"bekanntlich",5,4919
22,1,2,105,"urlaub",TRUE,NA,NA,NA,NA,"wie du ja weißt",2,4527
22,1,3,4,"digitalisierung",FALSE,0,"low","low",85,"wie wir wissen",3,4829
22,1,4,3,"stadtverkehr",FALSE,3,"high","high",71,"wie wir wissen",3,6282
22,1,5,8,"lokalkauf",FALSE,0,"low","low",58,"wie wir wissen",3,3585
22,1,6,104,"kaffee",TRUE,NA,NA,NA,NA,"sofern ich weiß",1,3921
22,1,7,107,"frischluft",TRUE,NA,NA,NA,NA,"wie du ja weißt",2,3201
22,1,8,7,"sport",FALSE,3,"high","high",83,"ja",4,6548
22,1,9,103,"kochen",TRUE,NA,NA,NA,NA,"wie wir wissen",3,1990
22,1,10,1,"klimawandel",FALSE,1,"low","high",88,"ja",4,5132
22,1,11,108,"laerm",TRUE,NA,NA,NA,NA,"wie du ja weißt",2,2720
22,1,12,6,"plastik",FALSE,2,"high","low",79,"wie wir wissen",3,4481
22,1,13,106,"trinken",TRUE,NA,NA,NA,NA,"wie wir wissen",3,5436
22,1,14,101,"bahn",TRUE,NA,NA,NA,NA,"sofern ich weiß",1,2130
22,1,15,2,"ernaehrung",FALSE,2,"high","low",62,"sofern ich weiß",1,5820
22,1,16,102,"leselicht",TRUE,NA,NA,NA,NA,"sofern ich weiß",1,3031
23,2,1,106,"trinken",TRUE,NA,NA,NA,NA,"wie wir wissen",3,4127
23,2,2,1,"klimawandel",FALSE,2,"high","low",88,"ja",4,5258
23,2,3,4,"digitalisierung",FALSE,1,"low","high",85,"bekanntlich",5,8591
23,2,4,108,"laerm",TRUE,NA,NA,NA,NA,"sofern ich weiß",1,4100
23,2,5,8,"lokalkauf",FALSE,1,"low","high",58,"ja",4,4665
23,2,6,101,"bahn",TRUE,NA,NA,NA,NA,"wie wir wissen",3,1961
23,2,7,105,"urlaub",TRUE,NA,NA,NA,NA,"sofern ich weiß",1,3651
23,2,8,7,"sport",FALSE,0,"low","low",83,"bekanntlich",5,62
23,2,9,102,"leselicht",TRUE,NA,NA,NA,NA,"sofern ich weiß",1,4059
23,2,10,103,"kochen",TRUE,NA,NA,NA,NA,"wie wir wissen",3,5310
23,2,11,2,"ernaehrung",FALSE,3,"high","high",62,"wie du ja weißt",2,4756
23,2,12,5,"schlaf",FALSE,2,"high","low",74,"ja",4,4127
23,2,13,3,"stadtverkehr",FALSE,0,"low","low",71,"ja",4,4255
23,2,14,6,"plastik",FALSE,3,"high","high",79,"bekanntlich",5,3849
23,2,15,104,"kaffee",TRUE,NA,NA,NA,NA,"sofern ich weiß",1,5139
23,2,16,107,"frischluft",TRUE,NA,NA,NA,NA,"sofern ich weiß",1,5809
24,3,1,3,"stadtverkehr",FALSE,1,"low","high",71,"bekanntlich",5,3186
24,3,2,105,"urlaub",TRUE,NA,NA,NA,NA,"bekanntlich",5,5359
24,3,3,1,"klimawandel",FALSE,3,"high","high",88,"ja",4,4769
24,3,4,107,"frischluft",TRUE,NA,NA,NA,NA,"bekanntlich",5,3479
24,3,5,2,"ernaehrung",FALSE,0,"low","low",62,"sofern ich weiß",1,5254
24,3,6,103,"kochen",TRUE,NA,NA,NA,NA,"bekanntlich",5,6520
24,3,7,6,"plastik",FALSE,0,"low","low",79,"ja",4,2643
24,3,8,7,"sport",FALSE,1,"low","high",83,"bekanntlich",5,1225
24,3,9,102,"leselicht",TRUE,NA,NA,NA,NA,"bekanntlich",5,2417
24,3,10,8,"lokalkauf",FALSE,2,"high","low",58,"sofern ich weiß",1,6169
24,3,11,4,"digitalisierung",FALSE,2,"high","low",85,"sofern ich weiß",1,2216
24,3,12,5,"schlaf",FALSE,3,"high","high",74,"wie wir wissen",3,6361
24,3,13,108,"laerm",TRUE,NA,NA,NA,NA,"sofern ich weiß",1,2604
24,3,14,104,"kaffee",TRUE,NA,NA,NA,NA,"ja",4,4802
24,3,15,106,"trinken",TRUE,NA,NA,NA,NA,"wie wir wissen",3,4928
24,3,16,101,"bahn",TRUE,NA,NA,NA,NA,"bekanntlich",5,4999
25,0,1,105,"urlaub",TRUE,NA,NA,NA,NA,"wie wir wissen",3,5795
25,0,2,102,"leselicht",TRUE,NA,NA,NA,NA,"bekanntlich",5,4551
25,0,3,107,"frischluft",TRUE,NA,NA,NA,NA,"ja",4,4551
25,0,4,1,"klimawandel",FALSE,0,"low","low",88,"bekanntlich",5,3465
25,0,5,101,"bahn",TRUE,NA,NA,NA,NA,"bekanntlich",5,5072
25,0,6,3,"stadtverkehr",FALSE,2,"high","low",71,"wie du ja weißt",2,5074
25,0,7,8,"lokalkauf",FALSE,3,"high","high",58,"wie du ja weißt",2,3537
25,0,8,108,"laerm",TRUE,NA,NA,NA,NA,"ja",4,3083
25,0,9,4,"digitalisierung",FALSE,3,"high","high",85,"wie wir wissen",3,5331
25,0,10,104,"kaffee",TRUE,NA,NA,NA,NA,"wie wir wissen",3,2160
25,0,11,7,"sport",FALSE,2,"high","low",83,"ja",4,5231
25,0,12,2,"ernaehrung",FALSE,1,"low","high",62,"ja",4,2430
25,0,13,103,"kochen",TRUE,NA,NA,NA,NA,"bekanntlich",5,2616
25,0,14,5,"schlaf",FALSE,0,"low","low",74,"wie wir wissen",3,3382
25,0,15,6,"plastik",FALSE,1,"low","high",79,"ja",4,4507
25,0,16,106,"trinken",TRUE,NA,NA,NA,NA,"wie du ja weißt",2,4429
26,1,1,108,"laerm",TRUE,NA,NA,NA,NA,"ja",4,3314
26,1,2,7,"sport",FALSE,3,"high","high",83,"wie wir wissen",3,4933
26,1,3,104,"kaffee",TRUE,NA,NA,NA,NA,"sofern ich weiß",1,2478
26,1,4,106,"trinken",TRUE,NA,NA,NA,NA,"ja",4,2895
26,1,5,8,"lokalkauf",FALSE,0,"low","low",58,"sofern ich weiß",1,4894
26,1,6,2,"ernaehrung",FALSE,2,"high","low",62,"sofern ich weiß",1,6663
26,1,7,103,"kochen",TRUE,NA,NA,NA,NA,"bekanntlich",5,3792
26,1,8,107,"frischluft",TRUE,NA,NA,NA,NA,"ja",4,4592
26,1,9,4,"digitalisierung",FALSE,0,"low","low",85,"bekanntlich",5,3764
26,1,10,5,"schlaf",FALSE,1,"low","high",74,"ja",4,3233
26,1,11,101,"bahn",TRUE,NA,NA,NA,NA,"ja",4,2974
26,1,12,1,"klimawandel",FALSE,1,"low","high",88,"wie wir wissen",3,4627
26,1,13,105,"urlaub",TRUE,NA,NA,NA,NA,"bekanntlich",5,4297
26,1,14,3,"stadtverkehr",FALSE,3,"high","high",71,"wie wir wissen",3,6531
26,1,15,6,"plastik",FALSE,2,"high","low",79,"wie wir wissen",3,2880
26,1,16,102,"leselicht",TRUE,NA,NA,NA,NA,"sofern ich weiß",1,5744
27,2,1,104,"kaffee",TRUE,NA,NA,NA,NA,"sofern ich weiß",1,6517
27,2,2,6,"plastik",FALSE,3,"high","high",79,"bekanntlich",5,2844
27,2,3,107,"frischluft",TRUE,NA,NA,NA,NA,"sofern ich weiß",1,4173
27,2,4,4,"digitalisierung",FALSE,1,"low","high",85,"bekanntlich",5,2863
27,2,5,3,"stadtverkehr",FALSE,0,"low","low",71,"ja",4,3731
27,2,6,7,"sport",FALSE,0,"low","low",83,"ja",4,3726
27,2,7,102,"leselicht",TRUE,NA,NA,NA,NA,"ja",4,2491
27,2,8,2,"ernaehrung",FALSE,3,"high","high",62,"wie wir wissen",3,6725
27,2,9,1,"klimawandel",FALSE,2,"high","low",88,"wie wir wissen",3,4424
27,2,10,103,"kochen",TRUE,NA,NA,NA,NA,"wie wir wissen",3,2240
27,2,11,106,"trinken",TRUE,NA,NA,NA,NA,"wie wir wissen",3,2856
27,2,12,108,"laerm",TRUE,NA,NA,NA,NA,"wie wir wissen",3,2134
27,2,13,5,"schlaf",FALSE,2,"high","low",74,"wie wir wissen",3,5345
27,2,14,8,"lokalkauf",FALSE,1,"low","high",58,"ja",4,6462
27,2,15,101,"bahn",TRUE,NA,NA,NA,NA,"bekanntlich",5,4894
27,2,16,105,"urlaub",TRUE,NA,NA,NA,NA,"bekanntlich",5,2786
28,3,1,1,"klimawandel",FALSE,3,"high","high",88,"bekanntlich",5,3525
28,3,2,106,"trinken",TRUE,NA,NA,NA,NA,"bekanntlich",5,3498
28,3,3,102,"leselicht",TRUE,NA,NA,NA,NA,"ja",4,5819
28,3,4,103,"kochen",TRUE,NA,NA,NA,NA,"ja",4,5808
28,3,5,8,"lokalkauf",FALSE,2,"high","low",58,"wie du ja weißt",2,4724
28,3,6,6,"plastik",FALSE,0,"low","low",79,"ja",4,3413
28,3,7,108,"laerm",TRUE,NA,NA,NA,NA,"wie du ja weißt",2,4496
28,3,8,7,"sport",FALSE,1,"low","high",83,"bekanntlich",5,5175
28,3,9,5,"schlaf",FALSE,3,"high","high",74,"wie wir wissen",3,6191
28,3,10,101,"bahn",TRUE,NA,NA,NA,NA,"ja",4,4763
28,3,11,105,"urlaub",TRUE,NA,NA,NA,NA,"sofern ich weiß",1,2647
28,3,12,104,"kaffee",TRUE,NA,NA,NA,NA,"ja",4,5674
28,3,13,107,"frischluft",TRUE,NA,NA,NA,NA,"bekanntlich",5,1406
28,3,14,4,"digitalisierung",FALSE,2,"high","low",85,"wie wir wissen",3,4341
28,3,15,3,"stadtverkehr",FALSE,1,"low","high",71,"ja",4,5401
28,3,16,2,"ernaehrung",FALSE,0,"low","low",62,"sofern ich weiß",1,3697
29,0,1,108,"laerm",TRUE,NA,NA,NA,NA,"wie wir wissen",3,1491
29,0,2,105,"urlaub",TRUE,NA,NA,NA,NA,"wie du ja weißt",2,4889
29,0,3,106,"trinken",TRUE,NA,NA,NA,NA,"wie du ja weißt",2,5932
29,0,4,102,"leselicht",TRUE,NA,NA,NA,NA,"ja",4,4104
29,0,5,5,"schlaf",FALSE,0,"low","low",74,"wie du ja weißt",2,7834
29,0,6,2,"ernaehrung",FALSE,1,"low","high",62,"bekanntlich",5,5181
29,0,7,7,"sport",FALSE,2,"high","low",83,"ja",4,5431
29,0,8,4,"digitalisierung",FALSE,3,"high","high",85,"wie wir wissen",3,3773
29,0,9,103,"kochen",TRUE,NA,NA,NA,NA,"sofern ich weiß",1,3520
29,0,10,3,"stadtverkehr",FALSE,2,"high","low",71,"wie wir wissen",3,3602
29,0,11,8,"lokalkauf",FALSE,3,"high","high",58,"wie wir wissen",3,8451
29,0,12,1,"klimawandel",FALSE,0,"low","low",88,"bekanntlich",5,2382
29,0,13,104,"kaffee",TRUE,NA,NA,NA,NA,"ja",4,4580
29,0,14,101,"bahn",TRUE,NA,NA,NA,NA,"ja",4,5454
29,0,15,6,"plastik",FALSE,1,"low","high",79,"ja",4,4176
29,0,16,107,"frischluft",TRUE,NA,NA,NA,NA,"wie wir wissen",3,5815
30,1,1,108,"laerm",TRUE,NA,NA,NA,NA,"ja",4,885
30,1,2,6,"plastik",FALSE,2,"high","low",79,"wie wir wissen",3,1668
30,1,3,2,"ernaehrung",FALSE,2,"high","low",62,"wie du ja weißt",2,1751
30,1,4,102,"leselicht",TRUE,NA,NA,NA,NA,"ja",4,2328
30,1,5,3,"stadtverkehr",FALSE,3,"high","high",71,"wie wir wissen",3,3241
30,1,6,105,"urlaub",TRUE,NA,NA,NA,NA,"bekanntlich",5,4370
30,1,7,4,"digitalisierung",FALSE,0,"low","low",85,"bekanntlich",5,4163
30,1,8,101,"bahn",TRUE,NA,NA,NA,NA,"wie wir wissen",3,2349
30,1,9,8,"lokalkauf",FALSE,0,"low","low",58,"ja",4,4199
30,1,10,1,"klimawandel",FALSE,1,"low","high",88,"bekanntlich",5,5058
30,1,11,106,"trinken",TRUE,NA,NA,NA,NA,"wie wir wissen",3,4256
30,1,12,5,"schlaf",FALSE,1,"low","high",74,"bekanntlich",5,3432
30,1,13,107,"frischluft",TRUE,NA,NA,NA,NA,"bekanntlich",5,4708
30,1,14,7,"sport",FALSE,3,"high","high",83,"bekanntlich",5,5592
30,1,15,103,"kochen",TRUE,NA,NA,NA,NA,"ja",4,5133
30,1,16,104,"kaffee",TRUE,NA,NA,NA,NA,"wie du ja weißt",2,2904
31,2,1,6,"plastik",FALSE,3,"high","high",79,"bekanntlich",5,4774
31,2,2,102,"leselicht",TRUE,NA,NA,NA,NA,"wie wir wissen",3,2606
31,2,3,5,"schlaf",FALSE,2,"high","low",74,"sofern ich weiß",1,5303
31,2,4,104,"kaffee",TRUE,NA,NA,NA,NA,"bekanntlich",5,3247
31,2,5,106,"trinken",TRUE,NA,NA,NA,NA,"ja",4,2322
31,2,6,101,"bahn",TRUE,NA,NA,NA,NA,"sofern ich weiß",1,3740
31,2,7,107,"frischluft",TRUE,NA,NA,NA,NA,"sofern ich weiß",1,5821
31,2,8,1,"klimawandel",FALSE,2,"high","low",88,"ja",4,7050
31,2,9,8,"lokalkauf",FALSE,1,"low","high",58,"wie wir wissen",3,5715
31,2,10,2,"ernaehrung",FALSE,3,"high","high",62,"wie wir wissen",3,3718
31,2,11,3,"stadtverkehr",FALSE,0,"low","low",71,"wie wir wissen",3,2408
31,2,12,4,"digitalisierung",FALSE,1,"low","high",85,"bekanntlich",5,4228
31,2,13,108,"laerm",TRUE,NA,NA,NA,NA,"sofern ich weiß",1,3839
31,2,14,7,"sport",FALSE,0,"low","low",83,"ja",4,4151
31,2,15,103,"kochen",TRUE,NA,NA,NA,NA,"sofern ich weiß",1,4659
31,2,16,105,"urlaub",TRUE,NA,NA,NA,NA,"wie wir wissen",3,3151
32,3,1,103,"kochen",TRUE,NA,NA,NA,NA,"sofern ich weiß",1,2818
32,3,2,8,"lokalkauf",FALSE,2,"high","low",58,"sofern ich weiß",1,4820
32,3,3,2,"ernaehrung",FALSE,0,"low","low",62,"ja",4,3851
32,3,4,7,"sport",FALSE,1,"low","high",83,"bekanntlich",5,2556
32,3,5,104,"kaffee",TRUE,NA,NA,NA,NA,"bekanntlich",5,4268
32,3,6,105,"urlaub",TRUE,NA,NA,NA,NA,"bekanntlich",5,3456
32,3,7,4,"digitalisierung",FALSE,2,"high","low",85,"wie wir wissen",3,4466
32,3,8,107,"frischluft",TRUE,NA,NA,NA,NA,"bekanntlich",5,2533
32,3,9,102,"leselicht",TRUE,NA,NA,NA,NA,"wie wir wissen",3,4757
32,3,10,106,"trinken",TRUE,NA,NA,NA,NA,"wie wir wissen",3,6201
32,3,11,3,"stadtverkehr",FALSE,1,"low","high",71,"wie wir wissen",3,2798
32,3,12,101,"bahn",TRUE,NA,NA,NA,NA,"ja",4,4019
32,3,13,1,"klimawandel",FALSE,3,"high","high",88,"bekanntlich",5,3577
32,3,14,6,"plastik",FALSE,0,"low","low",79,"ja",4,4341
32,3,15,5,"schlaf",FALSE,3,"high","high",74,"ja",4,6078
32,3,16,108,"laerm",TRUE,NA,NA,NA,NA,"sofern ich weiß",1,4188
33,0,1,2,"ernaehrung",FALSE,1,"low","high",62,"wie wir wissen",3,3878
33,0,2,105,"urlaub",TRUE,NA,NA,NA,NA,"bekanntlich",5,3937
33,0,3,102,"leselicht",TRUE,NA,NA,NA,NA,"ja",4,2463
33,0,4,7,"sport",FALSE,2,"high","low",83,"sofern ich weiß",1,2274
33,0,5,1,"klimawandel",FALSE,0,"low","low",88,"wie wir wissen",3,3795
33,0,6,3,"stadtverkehr",FALSE,2,"high","low",71,"wie wir wissen",3,5190
33,0,7,4,"digitalisierung",FALSE,3,"high","high",85,"wie du ja weißt",2,1824
33,0,8,106,"trinken",TRUE,NA,NA,NA,NA,"wie du ja weißt",2,5488
33,0,9,5,"schlaf",FALSE,0,"low","low",74,"wie du ja weißt",2,3350
33,0,10,8,"lokalkauf",FALSE,3,"high","high",58,"wie wir wissen",3,7108
33,0,11,107,"frischluft",TRUE,NA,NA,NA,NA,"wie wir wissen",3,4956
33,0,12,101,"bahn",TRUE,NA,NA,NA,NA,"wie du ja weißt",2,4734
33,0,13,108,"laerm",TRUE,NA,NA,NA,NA,"ja",4,4510
33,0,14,6,"plastik",FALSE,1,"low","high",79,"wie wir wissen",3,5055
33,0,15,103,"kochen",TRUE,NA,NA,NA,NA,"ja",4,3423
33,0,16,104,"kaffee",TRUE,NA,NA,NA,NA,"wie wir wissen",3,3067
34,1,1,7,"sport",FALSE,3,"high","high",83,"wie wir wissen",3,6718
34,1,2,101,"bahn",TRUE,NA,NA,NA,NA,"wie wir wissen",3,5647
34,1,3,105,"urlaub",TRUE,NA,NA,NA,NA,"bekanntlich",5,5218
34,1,4,108,"laerm",TRUE,NA,NA,NA,NA,"bekanntlich",5,2563
34,1,5,1,"klimawandel",FALSE,1,"low","high",88,"bekanntlich",5,2456
34,1,6,106,"trinken",TRUE,NA,NA,NA,NA,"sofern ich weiß",1,1550
34,1,7,103,"kochen",TRUE,NA,NA,NA,NA,"sofern ich weiß",1,4975
34,1,8,3,"stadtverkehr",FALSE,3,"high","high",71,"wie wir wissen",3,7772
34,1,9,104,"kaffee",TRUE,NA,NA,NA,NA,"bekanntlich",5,3636
34,1,10,6,"plastik",FALSE,2,"high","low",79,"wie wir wissen",3,4264
34,1,11,102,"leselicht",TRUE,NA,NA,NA,NA,"wie du ja weißt",2,2789
34,1,12,8,"lokalkauf",FALSE,0,"low","low",58,"sofern ich weiß",1,4180
34,1,13,2,"ernaehrung",FALSE,2,"high","low",62,"sofern ich weiß",1,2143
34,1,14,5,"schlaf",FALSE,1,"low","high",74,"bekanntlich",5,3537
34,1,15,107,"frischluft",TRUE,NA,NA,NA,NA,"wie wir wissen",3,1879
34,1,16,4,"digitalisierung",FALSE,0,"low","low",85,"ja",4,3978
35,2,1,1,"klimawandel",FALSE,2,"high","low",88,"bekanntlich",5,5768
35,2,2,107,"frischluft",TRUE,NA,NA,NA,NA,"wie du ja weißt",2,5100
35,2,3,4,"digitalisierung",FALSE,1,"low","high",85,"bekanntlich",5,2783
35,2,4,108,"laerm",TRUE,NA,NA,NA,NA,"wie wir wissen",3,3481
35,2,5,2,"ernaehrung",FALSE,3,"high","high",62,"wie wir wissen",3,4883
35,2,6,7,"sport",FALSE,0,"low","low",83,"ja",4,3868
35,2,7,106,"trinken",TRUE,NA,NA,NA,NA,"wie du ja weißt",2,3048
35,2,8,5,"schlaf",FALSE,2,"high","low",74,"wie wir wissen",3,3610
35,2,9,103,"kochen",TRUE,NA,NA,NA,NA,"wie du ja weißt",2,5115
35,2,10,101,"bahn",TRUE,NA,NA,NA,NA,"bekanntlich",5,1672
35,2,11,102,"leselicht",TRUE,NA,NA,NA,NA,"sofern ich weiß",1,3326
35,2,12,105,"urlaub",TRUE,NA,NA,NA,NA,"wie wir wissen",3,5538
35,2,13,6,"plastik",FALSE,3,"high","high",79,"wie wir wissen",3,4961
35,2,14,104,"kaffee",TRUE,NA,NA,NA,NA,"bekanntlich",5,3481
35,2,15,8,"lokalkauf",FALSE,1,"low","high",58,"wie du ja weißt",2,3790
35,2,16,3,"stadtverkehr",FALSE,0,"low","low",71,"wie wir wissen",3,4981
36,3,1,103,"kochen",TRUE,NA,NA,NA,NA,"ja",4,3262
36,3,2,5,"schlaf",FALSE,3,"high","high",74,"ja",4,6612
36,3,3,107,"frischluft",TRUE,NA,NA,NA,NA,"sofern ich weiß",1,3447
36,3,4,7,"sport",FALSE,1,"low","high",83,"ja",4,5395
36,3,5,104,"kaffee",TRUE,NA,NA,NA,NA,"sofern ich weiß",1,3620
36,3,6,2,"ernaehrung",FALSE,0,"low","low",62,"wie du ja weißt",2,5917
36,3,7,4,"digitalisierung",FALSE,2,"high","low",85,"bekanntlich",5,5553
36,3,8,1,"klimawandel",FALSE,3,"high","high",88,"bekanntlich",5,5538
36,3,9,108,"laerm",TRUE,NA,NA,NA,NA,"ja",4,3760
36,3,10,101,"bahn",TRUE,NA,NA,NA,NA,"sofern ich weiß",1,4930
36,3,11,3,"stadtverkehr",FALSE,1,"low","high",71,"bekanntlich",5,4523
36,3,12,102,"leselicht",TRUE,NA,NA,NA,NA,"ja",4,2719
36,3,13,8,"lokalkauf",FALSE,2,"high","low",58,"sofern ich weiß",1,2755
36,3,14,105,"urlaub",TRUE,NA,NA,NA,NA,"wie du ja weißt",2,4515
36,3,15,106,"trinken",TRUE,NA,NA,NA,NA,"sofern ich weiß",1,2866
36,3,16,6,"plastik",FALSE,0,"low","low",79,"ja",4,4195
37,0,1,101,"bahn",TRUE,NA,NA,NA,NA,"bekanntlich",5,4002
37,0,2,5,"schlaf",FALSE,0,"low","low",74,"ja",4,6852
37,0,3,1,"klimawandel",FALSE,0,"low","low",88,"bekanntlich",5,4114
37,0,4,3,"stadtverkehr",FALSE,2,"high","low",71,"wie du ja weißt",2,4021
37,0,5,2,"ernaehrung",FALSE,1,"low","high",62,"wie wir wissen",3,3505
37,0,6,4,"digitalisierung",FALSE,3,"high","high",85,"ja",4,4080
37,0,7,8,"lokalkauf",FALSE,3,"high","high",58,"wie wir wissen",3,1829
37,0,8,7,"sport",FALSE,2,"high","low",83,"wie wir wissen",3,7286
37,0,9,103,"kochen",TRUE,NA,NA,NA,NA,"ja",4,2727
37,0,10,105,"urlaub",TRUE,NA,NA,NA,NA,"sofern ich weiß",1,6398
37,0,11,106,"trinken",TRUE,NA,NA,NA,NA,"wie wir wissen",3,5250
37,0,12,102,"leselicht",TRUE,NA,NA,NA,NA,"bekanntlich",5,3649
37,0,13,108,"laerm",TRUE,NA,NA,NA,NA,"ja",4,926
37,0,14,104,"kaffee",TRUE,NA,NA,NA,NA,"wie du ja weißt",2,5307
37,0,15,6,"plastik",FALSE,1,"low","high",79,"ja",4,4531
37,0,16,107,"frischluft",TRUE,NA,NA,NA,NA,"wie wir wissen",3,3516
38,1,1,102,"leselicht",TRUE,NA,NA,NA,NA,"bekanntlich",5,3507
38,1,2,8,"lokalkauf",FALSE,0,"low","low",58,"sofern ich weiß",1,8434
38,1,3,104,"kaffee",TRUE,NA,NA,NA,NA,"wie wir wissen",3,1470
38,1,4,5,"schlaf",FALSE,1,"low","high",74,"ja",4,4948
38,1,5,105,"urlaub",TRUE,NA,NA,NA,NA,"wie wir wissen",3,3366
38,1,6,2,"ernaehrung",FALSE,2,"high","low",62,"wie wir wissen",3,1337
38,1,7,108,"laerm",TRUE,NA,NA,NA,NA,"ja",4,3922
38,1,8,106,"trinken",TRUE,NA,NA,NA,NA,"ja",4,5411
38,1,9,7,"sport",FALSE,3,"high","high",83,"bekanntlich",5,2386
38,1,10,4,"digitalisierung",FALSE,0,"low","low",85,"ja",4,5872
38,1,11,101,"bahn",TRUE,NA,NA,NA,NA,"wie du ja weißt",2,5714
38,1,12,1,"klimawandel",FALSE,1,"low","high",88,"bekanntlich",5,2727
38,1,13,6,"plastik",FALSE,2,"high","low",79,"ja",4,2506
38,1,14,107,"frischluft",TRUE,NA,NA,NA,NA,"ja",4,4810
38,1,15,3,"stadtverkehr",FALSE,3,"high","high",71,"ja",4,6768
38,1,16,103,"kochen",TRUE,NA,NA,NA,NA,"ja",4,2535
39,2,1,3,"stadtverkehr",FALSE,0,"low","low",71,"wie du ja weißt",2,3604
39,2,2,102,"leselicht",TRUE,NA,NA,NA,NA,"wie du ja weißt",2,4901
39,2,3,8,"lokalkauf",FALSE,1,"low","high",58,"bekanntlich",5,7454
39,2,4,1,"klimawandel",FALSE,2,"high","low",88,"wie wir wissen",3,3193
39,2,5,106,"trinken",TRUE,NA,NA,NA,NA,"sofern ich weiß",1,5563
39,2,6,107,"frischluft",TRUE,NA,NA,NA,NA,"wie du ja weißt",2,4464
39,2,7,4,"digitalisierung",FALSE,1,"low","high",85,"bekanntlich",5,7020
39,2,8,101,"bahn",TRUE,NA,NA,NA,NA,"bekanntlich",5,3226
39,2,9,5,"schlaf",FALSE,2,"high","low",74,"wie wir wissen",3,2580
39,2,10,108,"laerm",TRUE,NA,NA,NA,NA,"sofern ich weiß",1,2884
39,2,11,103,"kochen",TRUE,NA,NA,NA,NA,"wie du ja weißt",2,3740
39,2,12,2,"ernaehrung",FALSE,3,"high","high",62,"wie wir wissen",3,5472
39,2,13,104,"kaffee",TRUE,NA,NA,NA,NA,"sofern ich weiß",1,5002
39,2,14,105,"urlaub",TRUE,NA,NA,NA,NA,"wie du ja weißt",2,4533
39,2,15,6,"plastik",FALSE,3,"high","high",79,"ja",4,5420
39,2,16,7,"sport",FALSE,0,"low","low",83,"wie wir wissen",3,3442
40,3,1,3,"stadtverkehr",FALSE,1,"low","high",71,"wie wir wissen",3,2781
40,3,2,7,"sport",FALSE,1,"low","high",83,"wie wir wissen",3,4200
40,3,3,101,"bahn",TRUE,NA,NA,NA,NA,"bekanntlich",5,3077
40,3,4,103,"kochen",TRUE,NA,NA,NA,NA,"sofern ich weiß",1,2167
40,3,5,4,"digitalisierung",FALSE,2,"high","low",85,"bekanntlich",5,2047
40,3,6,1,"klimawandel",FALSE,3,"high","high",88,"ja",4,1444
40,3,7,2,"ernaehrung",FALSE,0,"low","low",62,"wie du ja weißt",2,4940
40,3,8,106,"trinken",TRUE,NA,NA,NA,NA,"wie du ja weißt",2,3225
40,3,9,104,"kaffee",TRUE,NA,NA,NA,NA,"bekanntlich",5,3775
40,3,10,5,"schlaf",FALSE,3,"high","high",74,"wie wir wissen",3,2980
40,3,11,8,"lokalkauf",FALSE,2,"high","low",58,"sofern ich weiß",1,6487
40,3,12,102,"leselicht",TRUE,NA,NA,NA,NA,"bekanntlich",5,3955
40,3,13,107,"frischluft",TRUE,NA,NA,NA,NA,"bekanntlich",5,3642
40,3,14,105,"urlaub",TRUE,NA,NA,NA,NA,"ja",4,2347
40,3,15,108,"laerm",TRUE,NA,NA,NA,NA,"wie wir wissen",3,3117
40,3,16,6,"plastik",FALSE,0,"low","low",79,"wie wir wissen",3,5766
41,0,1,107,"frischluft",TRUE,NA,NA,NA,NA,"wie du ja weißt",2,5666
41,0,2,103,"kochen",TRUE,NA,NA,NA,NA,"wie du ja weißt",2,3767
41,0,3,106,"trinken",TRUE,NA,NA,NA,NA,"ja",4,3786
41,0,4,105,"urlaub",TRUE,NA,NA,NA,NA,"wie wir wissen",3,3748
41,0,5,5,"schlaf",FALSE,0,"low","low",74,"bekanntlich",5,4822
41,0,6,6,"plastik",FALSE,1,"low","high",79,"bekanntlich",5,4488
41,0,7,104,"kaffee",TRUE,NA,NA,NA,NA,"wie du ja weißt",2,4239
41,0,8,101,"bahn",TRUE,NA,NA,NA,NA,"wie wir wissen",3,2305
41,0,9,108,"laerm",TRUE,NA,NA,NA,NA,"wie du ja weißt",2,2792
41,0,10,2,"ernaehrung",FALSE,1,"low","high",62,"bekanntlich",5,6956
41,0,11,1,"klimawandel",FALSE,0,"low","low",88,"ja",4,3439
41,0,12,7,"sport",FALSE,2,"high","low",83,"wie wir wissen",3,4424
41,0,13,3,"stadtverkehr",FALSE,2,"high","low",71,"ja",4,3798
41,0,14,4,"digitalisierung",FALSE,3,"high","high",85,"bekanntlich",5,7045
41,0,15,8,"lokalkauf",FALSE,3,"high","high",58,"ja",4,2161
41,0,16,102,"leselicht",TRUE,NA,NA,NA,NA,"ja",4,4390
42,1,1,8,"lokalkauf",FALSE,0,"low","low",58,"wie du ja weißt",2,5071
42,1,2,1,"klimawandel",FALSE,1,"low","high",88,"bekanntlich",5,2478
42,1,3,101,"bahn",TRUE,NA,NA,NA,NA,"bekanntlich",5,4664
42,1,4,4,"digitalisierung",FALSE,0,"low","low",85,"ja",4,4929
42,1,5,5,"schlaf",FALSE,1,"low","high",74,"bekanntlich",5,4444
42,1,6,103,"kochen",TRUE,NA,NA,NA,NA,"sofern ich weiß",1,5831
42,1,7,3,"stadtverkehr",FALSE,3,"high","high",71,"wie du ja weißt",2,2249
42,1,8,105,"urlaub",TRUE,NA,NA,NA,NA,"bekanntlich",5,6204
42,1,9,102,"leselicht",TRUE,NA,NA,NA,NA,"ja",4,3726
42,1,10,2,"ernaehrung",FALSE,2,"high","low",62,"wie wir wissen",3,5871
42,1,11,108,"laerm",TRUE,NA,NA,NA,NA,"sofern ich weiß",1,2111
42,1,12,107,"frischluft",TRUE,NA,NA,NA,NA,"ja",4,4936
42,1,13,104,"kaffee",TRUE,NA,NA,NA,NA,"wie wir wissen",3,2627
42,1,14,7,"sport",FALSE,3,"high","high",83,"bekanntlich",5,5739
42,1,15,6,"plastik",FALSE,2,"high","low",79,"wie wir wissen",3,6434
42,1,16,106,"trinken",TRUE,NA,NA,NA,NA,"wie du ja weißt",2,1911
43,2,1,1,"klimawandel",FALSE,2,"high","low",88,"wie wir wissen",3,2253
43,2,2,102,"leselicht",TRUE,NA,NA,NA,NA,"bekanntlich",5,3352
43,2,3,7,"sport",FALSE,0,"low","low",83,"wie wir wissen",3,1265
43,2,4,101,"bahn",TRUE,NA,NA,NA,NA,"wie du ja weißt",2,5591
43,2,5,8,"lokalkauf",FALSE,1,"low","high",58,"wie wir wissen",3,3241
43,2,6,6,"plastik",FALSE,3,"high","high",79,"ja",4,8035
43,2,7,103,"kochen",TRUE,NA,NA,NA,NA,"ja",4,5066
43,2,8,2,"ernaehrung",FALSE,3,"high","high",62,"wie wir wissen",3,2943
43,2,9,108,"laerm",TRUE,NA,NA,NA,NA,"bekanntlich",5,6064
43,2,10,5,"schlaf",FALSE,2,"high","low",74,"wie du ja weißt",2,3763
43,2,11,104,"kaffee",TRUE,NA,NA,NA,NA,"sofern ich weiß",1,4889
43,2,12,105,"urlaub",TRUE,NA,NA,NA,NA,"sofern ich weiß",1,2064
43,2,13,106,"trinken",TRUE,NA,NA,NA,NA,"wie du ja weißt",2,3607
43,2,14,4,"digitalisierung",FALSE,1,"low","high",85,"bekanntlich",5,2943
43,2,15,107,"frischluft",TRUE,NA,NA,NA,NA,"sofern ich weiß",1,3979
43,2,16,3,"stadtverkehr",FALSE,0,"low","low",71,"wie wir wissen",3,5659
44,3,1,103,"kochen",TRUE,NA,NA,NA,NA,"ja",4,3487
44,3,2,105,"urlaub",TRUE,NA,NA,NA,NA,"wie du ja weißt",2,2009
44,3,3,108,"laerm",TRUE,NA,NA,NA,NA,"wie wir wissen",3,3288
44,3,4,5,"schlaf",FALSE,3,"high","high",74,"bekanntlich",5,2709
44,3,5,106,"trinken",TRUE,NA,NA,NA,NA,"bekanntlich",5,2794
44,3,6,101,"bahn",TRUE,NA,NA,NA,NA,"ja",4,2291
44,3,7,107,"frischluft",TRUE,NA,NA,NA,NA,"sofern ich weiß",1,5597
44,3,8,2,"ernaehrung",FALSE,0,"low","low",62,"wie wir wissen",3,4346
44,3,9,3,"stadtverkehr",FALSE,1,"low","high",71,"bekanntlich",5,2971
44,3,10,6,"plastik",FALSE,0,"low","low",79,"bekanntlich",5,6450
44,3,11,102,"leselicht",TRUE,NA,NA,NA,NA,"sofern ich weiß",1,3214
44,3,12,1,"klimawandel",FALSE,3,"high","high",88,"ja",4,4950
44,3,13,4,"digitalisierung",FALSE,2,"high","low",85,"ja",4,3010
44,3,14,104,"kaffee",TRUE,NA,NA,NA,NA,"bekanntlich",5,5423
44,3,15,8,"lokalkauf",FALSE,2,"high","low",58,"sofern ich weiß",1,3347
44,3,16,7,"sport",FALSE,1,"low","high",83,"bekanntlich",5,8511
45,0,1,6,"plastik",FALSE,1,"low","high",79,"bekanntlich",5,5827
45,0,2,5,"schlaf",FALSE,0,"low","low",74,"wie wir wissen",3,3644
45,0,3,108,"laerm",TRUE,NA,NA,NA,NA,"wie du ja weißt",2,5257
45,0,4,2,"ernaehrung",FALSE,1,"low","high",62,"wie wir wissen",3,6129
45,0,5,102,"leselicht",TRUE,NA,NA,NA,NA,"ja",4,2744
45,0,6,7,"sport",FALSE,2,"high","low",83,"wie du ja weißt",2,3752
45,0,7,106,"trinken",TRUE,NA,NA,NA,NA,"sofern ich weiß",1,3978
45,0,8,104,"kaffee",TRUE,NA,NA,NA,NA,"wie wir wissen",3,4645
45,0,9,4,"digitalisierung",FALSE,3,"high","high",85,"ja",4,5075
45,0,10,1,"klimawandel",FALSE,0,"low","low",88,"bekanntlich",5,6453
45,0,11,107,"frischluft",TRUE,NA,NA,NA,NA,"wie wir wissen",3,2899
45,0,12,101,"bahn",TRUE,NA,NA,NA,NA,"wie wir wissen",3,5502
45,0,13,103,"kochen",TRUE,NA,NA,NA,NA,"wie du ja weißt",2,2766
45,0,14,3,"stadtverkehr",FALSE,2,"high","low",71,"sofern ich weiß",1,5346
45,0,15,105,"urlaub",TRUE,NA,NA,NA,NA,"bekanntlich",5,2555
45,0,16,8,"lokalkauf",FALSE,3,"high","high",58,"wie du ja weißt",2,2767
46,1,1,102,"leselicht",TRUE,NA,NA,NA,NA,"sofern ich weiß",1,5710
46,1,2,105,"urlaub",TRUE,NA,NA,NA,NA,"bekanntlich",5,4581
46,1,3,4,"digitalisierung",FALSE,0,"low","low",85,"bekanntlich",5,4001
46,1,4,103,"kochen",TRUE,NA,NA,NA,NA,"sofern ich weiß",1,4315
46,1,5,3,"stadtverkehr",FALSE,3,"high","high",71,"wie wir wissen",3,4708
46,1,6,1,"klimawandel",FALSE,1,"low","high",88,"bekanntlich",5,5146
46,1,7,6,"plastik",FALSE,2,"high","low",79,"sofern ich weiß",1,4879
46,1,8,5,"schlaf",FALSE,1,"low","high",74,"wie wir wissen",3,3678
46,1,9,8,"lokalkauf",FALSE,0,"low","low",58,"wie wir wissen",3,6608
46,1,10,107,"frischluft",TRUE,NA,NA,NA,NA,"sofern ich weiß",1,4367
46,1,11,2,"ernaehrung",FALSE,2,"high","low",62,"sofern ich weiß",1,5909
46,1,12,101,"bahn",TRUE,NA,NA,NA,NA,"wie wir wissen",3,3976
46,1,13,106,"trinken",TRUE,NA,NA,NA,NA,"bekanntlich",5,2734
46,1,14,108,"laerm",TRUE,NA,NA,NA,NA,"wie du ja weißt",2,5454
46,1,15,7,"sport",FALSE,3,"high","high",83,"ja",4,5784
46,1,16,104,"kaffee",TRUE,NA,NA,NA,NA,"sofern ich weiß",1,3955
47,2,1,108,"laerm",TRUE,NA,NA,NA,NA,"bekanntlich",5,2469
47,2,2,7,"sport",FALSE,0,"low","low",83,"wie wir wissen",3,2463
47,2,3,2,"ernaehrung",FALSE,3,"high","high",62,"wie wir wissen",3,5013
47,2,4,102,"leselicht",TRUE,NA,NA,NA,NA,"ja",4,5497
47,2,5,8,"lokalkauf",FALSE,1,"low","high",58,"ja",4,4647
47,2,6,107,"frischluft",TRUE,NA,NA,NA,NA,"wie wir wissen",3,4823
47,2,7,103,"kochen",TRUE,NA,NA,NA,NA,"wie wir wissen",3,4496
47,2,8,6,"plastik",FALSE,3,"high","high",79,"wie wir wissen",3,3757
47,2,9,106,"trinken",TRUE,NA,NA,NA,NA,"bekanntlich",5,5361
47,2,10,105,"urlaub",TRUE,NA,NA,NA,NA,"sofern ich weiß",1,5588
47,2,11,4,"digitalisierung",FALSE,1,"low","high",85,"bekanntlich",5,7209
47,2,12,104,"kaffee",TRUE,NA,NA,NA,NA,"bekanntlich",5,3744
47,2,13,5,"schlaf",FALSE,2,"high","low",74,"wie du ja weißt",2,3923
47,2,14,3,"stadtverkehr",FALSE,0,"low","low",71,"wie du ja weißt",2,3583
47,2,15,101,"bahn",TRUE,NA,NA,NA,NA,"bekanntlich",5,4048
47,2,16,1,"klimawandel",FALSE,2,"high","low",88,"bekanntlich",5,1705
48,3,1,4,"digitalisierung",FALSE,2,"high","low",85,"bekanntlich",5,4995
48,3,2,102,"leselicht",TRUE,NA,NA,NA,NA,"wie du ja weißt",2,2691
48,3,3,107,"frischluft",TRUE,NA,NA,NA,NA,"ja",4,3299
48,3,4,6,"plastik",FALSE,0,"low","low",79,"wie wir wissen",3,4101
48,3,5,101,"bahn",TRUE,NA,NA,NA,NA,"wie wir wissen",3,4870
48,3,6,7,"sport",FALSE,1,"low","high",83,"bekanntlich",5,6239
48,3,7,106,"trinken",TRUE,NA,NA,NA,NA,"wie wir wissen",3,4977
48,3,8,5,"schlaf",FALSE,3,"high","high",74,"wie wir wissen",3,5157
48,3,9,104,"kaffee",TRUE,NA,NA,NA,NA,"ja",4,3166
48,3,10,105,"urlaub",TRUE,NA,NA,NA,NA,"ja",4,5503
48,3,11,1,"klimawandel",FALSE,3,"high","high",88,"bekanntlich",5,5577
48,3,12,103,"kochen",TRUE,NA,NA,NA,NA,"bekanntlich",5,4688
48,3,13,108,"laerm",TRUE,NA,NA,NA,NA,"sofern ich weiß",1,3991
48,3,14,8,"lokalkauf",FALSE,2,"high","low",58,"wie du ja weißt",2,2507
48,3,15,3,"stadtverkehr",FALSE,1,"low","high",71,"ja",4,4870
48,3,16,2,"ernaehrung",FALSE,0,"low","low",62,"sofern ich weiß",1,6333
49,0,1,8,"lokalkauf",FALSE,3,"high","high",58,"sofern ich weiß",1,1808
49,0,2,6,"plastik",FALSE,1,"low","high",79,"ja",4,5036
49,0,3,5,"schlaf",FALSE,0,"low","low",74,"ja",4,5008
49,0,4,103,"kochen",TRUE,NA,NA,NA,NA,"bekanntlich",5,3290
49,0,5,106,"trinken",TRUE,NA,NA,NA,NA,"wie wir wissen",3,4747
49,0,6,101,"bahn",TRUE,NA,NA,NA,NA,"sofern ich weiß",1,4113
49,0,7,2,"ernaehrung",FALSE,1,"low","high",62,"ja",4,8015
49,0,8,4,"digitalisierung",FALSE,3,"high","high",85,"bekanntlich",5,6822
49,0,9,104,"kaffee",TRUE,NA,NA,NA,NA,"sofern ich weiß",1,3492
49,0,10,3,"stadtverkehr",FALSE,2,"high","low",71,"wie du ja weißt",2,5044
49,0,11,7,"sport",FALSE,2,"high","low",83,"wie wir wissen",3,1746
49,0,12,105,"urlaub",TRUE,NA,NA,NA,NA,"sofern ich weiß",1,4969
49,0,13,107,"frischluft",TRUE,NA,NA,NA,NA,"bekanntlich",5,3641
49,0,14,102,"leselicht",TRUE,NA,NA,NA,NA,"wie wir wissen",3,979
49,0,15,1,"klimawandel",FALSE,0,"low","low",88,"bekanntlich",5,4859
49,0,16,108,"laerm",TRUE,NA,NA,NA,NA,"wie du ja weißt",2,2539
50,1,1,108,"laerm",TRUE,NA,NA,NA,NA,"wie wir wissen",3,2353
50,1,2,5,"schlaf",FALSE,1,"low","high",74,"ja",4,5840
50,1,3,107,"frischluft",TRUE,NA,NA,NA,NA,"ja",4,3332
50,1,4,105,"urlaub",TRUE,NA,NA,NA,NA,"bekanntlich",5,3690
50,1,5,106,"trinken",TRUE,NA,NA,NA,NA,"sofern ich weiß",1,238
50,1,6,6,"plastik",FALSE,2,"high","low",79,"ja",4,6733
50,1,7,3,"stadtverkehr",FALSE,3,"high","high",71,"wie du ja weißt",2,5622
50,1,8,1,"klimawandel",FALSE,1,"low","high",88,"bekanntlich",5,3399
50,1,9,8,"lokalkauf",FALSE,0,"low","low",58,"wie du ja weißt",2,4113
50,1,10,103,"kochen",TRUE,NA,NA,NA,NA,"ja",4,4466
50,1,11,101,"bahn",TRUE,NA,NA,NA,NA,"ja",4,3627
50,1,12,2,"ernaehrung",FALSE,2,"high","low",62,"sofern ich weiß",1,5327
50,1,13,7,"sport",FALSE,3,"high","high",83,"bekanntlich",5,4178
50,1,14,102,"leselicht",TRUE,NA,NA,NA,NA,"wie wir wissen",3,5313
50,1,15,104,"kaffee",TRUE,NA,NA,NA,NA,"sofern ich weiß",1,2870
50,1,16,4,"digitalisierung",FALSE,0,"low","low",85,"ja",4,3195
51,2,1,8,"lokalkauf",FALSE,1,"low","high",58,"ja",4,6189
51,2,2,1,"klimawandel",FALSE,2,"high","low",88,"wie du ja weißt",2,4002
51,2,3,5,"schlaf",FALSE,2,"high","low",74,"sofern ich weiß",1,5611
51,2,4,107,"frischluft",TRUE,NA,NA,NA,NA,"bekanntlich",5,4055
51,2,5,6,"plastik",FALSE,3,"high","high",79,"wie wir wissen",3,6098
51,2,6,104,"kaffee",TRUE,NA,NA,NA,NA,"bekanntlich",5,3010
51,2,7,108,"laerm",TRUE,NA,NA,NA,NA,"sofern ich weiß",1,4124
51,2,8,2,"ernaehrung",FALSE,3,"high","high",62,"wie wir wissen",3,5408
51,2,9,102,"leselicht",TRUE,NA,NA,NA,NA,"bekanntlich",5,3973
51,2,10,7,"sport",FALSE,0,"low","low",83,"ja",4,3123
51,2,11,106,"trinken",TRUE,NA,NA,NA,NA,"wie du ja weißt",2,2927
51,2,12,103,"kochen",TRUE,NA,NA,NA,NA,"ja",4,6212
51,2,13,101,"bahn",TRUE,NA,NA,NA,NA,"ja",4,5609
51,2,14,3,"stadtverkehr",FALSE,0,"low","low",71,"wie wir wissen",3,3299
51,2,15,4,"digitalisierung",FALSE,1,"low","high",85,"bekanntlich",5,8004
51,2,16,105,"urlaub",TRUE,NA,NA,NA,NA,"wie wir wissen",3,3438
52,3,1,102,"leselicht",TRUE,NA,NA,NA,NA,"bekanntlich",5,3295
52,3,2,8,"lokalkauf",FALSE,2,"high","low",58,"sofern ich weiß",1,3549
52,3,3,107,"frischluft",TRUE,NA,NA,NA,NA,"wie wir wissen",3,2742
52,3,4,2,"ernaehrung",FALSE,0,"low","low",62,"wie wir wissen",3,3211
52,3,5,1,"klimawandel",FALSE,3,"high","high",88,"bekanntlich",5,6033
52,3,6,7,"sport",FALSE,1,"low","high",83,"bekanntlich",5,4402
52,3,7,6,"plastik",FALSE,0,"low","low",79,"wie wir wissen",3,3620
52,3,8,101,"bahn",TRUE,NA,NA,NA,NA,"bekanntlich",5,4358
52,3,9,108,"laerm",TRUE,NA,NA,NA,NA,"sofern ich weiß",1,2269
52,3,10,103,"kochen",TRUE,NA,NA,NA,NA,"bekanntlich",5,3317
52,3,11,4,"digitalisierung",FALSE,2,"high","low",85,"sofern ich weiß",1,4330
52,3,12,106,"trinken",TRUE,NA,NA,NA,NA,"bekanntlich",5,3008
52,3,13,5,"schlaf",FALSE,3,"high","high",74,"wie du ja weißt",2,2920
52,3,14,104,"kaffee",TRUE,NA,NA,NA,NA,"ja",4,2125
52,3,15,105,"urlaub",TRUE,NA,NA,NA,NA,"ja",4,3065
52,3,16,3,"stadtverkehr",FALSE,1,"low","high",71,"bekanntlich",5,4595
53,0,1,6,"plastik",FALSE,1,"low","high",79,"wie wir wissen",3,2586
53,0,2,103,"kochen",TRUE,NA,NA,NA,NA,"ja",4,5374
53,0,3,3,"stadtverkehr",FALSE,2,"high","low",71,"sofern ich weiß",1,4253
53,0,4,102,"leselicht",TRUE,NA,NA,NA,NA,"wie du ja weißt",2,2423
53,0,5,2,"ernaehrung",FALSE,1,"low","high",62,"wie wir wissen",3,4342
53,0,6,105,"urlaub",TRUE,NA,NA,NA,NA,"bekanntlich",5,3424
53,0,7,104,"kaffee",TRUE,NA,NA,NA,NA,"sofern ich weiß",1,4498
53,0,8,106,"trinken",TRUE,NA,NA,NA,NA,"sofern ich weiß",1,6017
53,0,9,101,"bahn",TRUE,NA,NA,NA,NA,"ja",4,5085
53,0,10,4,"digitalisierung",FALSE,3,"high","high",85,"bekanntlich",5,7238
53,0,11,107,"frischluft",TRUE,NA,NA,NA,NA,"sofern ich weiß",1,2257
53,0,12,8,"lokalkauf",FALSE,3,"high","high",58,"wie du ja weißt",2,5972
53,0,13,5,"schlaf",FALSE,0,"low","low",74,"sofern ich weiß",1,2019
53,0,14,1,"klimawandel",FALSE,0,"low","low",88,"wie wir wissen",3,4614
53,0,15,108,"laerm",TRUE,NA,NA,NA,NA,"wie wir wissen",3,3816
53,0,16,7,"sport",FALSE,2,"high","low",83,"bekanntlich",5,6023
54,1,1,3,"stadtverkehr",FALSE,3,"high","high",71,"wie du ja weißt",2,6988
54,1,2,102,"leselicht",TRUE,NA,NA,NA,NA,"bekanntlich",5,2577
54,1,3,1,"klimawandel",FALSE,1,"low","high",88,"bekanntlich",5,5055
54,1,4,4,"digitalisierung",FALSE,0,"low","low",85,"ja",4,4546
54,1,5,107,"frischluft",TRUE,NA,NA,NA,NA,"ja",4,2017
54,1,6,7,"sport",FALSE,3,"high","high",83,"wie wir wissen",3,5789
54,1,7,108,"laerm",TRUE,NA,NA,NA,NA,"wie du ja weißt",2,4213
54,1,8,5,"schlaf",FALSE,1,"low","high",74,"ja",4,3530
54,1,9,105,"urlaub",TRUE,NA,NA,NA,NA,"wie wir wissen",3,6067
54,1,10,103,"kochen",TRUE,NA,NA,NA,NA,"wie wir wissen",3,3811
54,1,11,101,"bahn",TRUE,NA,NA,NA,NA,"wie du ja weißt",2,4748
54,1,12,2,"ernaehrung",FALSE,2,"high","low",62,"sofern ich weiß",1,4721
54,1,13,104,"kaffee",TRUE,NA,NA,NA,NA,"sofern ich weiß",1,3981
54,1,14,8,"lokalkauf",FALSE,0,"low","low",58,"wie du ja weißt",2,4227
54,1,15,6,"plastik",FALSE,2,"high","low",79,"ja",4,4738
54,1,16,106,"trinken",TRUE,NA,NA,NA,NA,"bekanntlich",5,3797
55,2,1,2,"ernaehrung",FALSE,3,"high","high",62,"wie du ja weißt",2,7219
55,2,2,105,"urlaub",TRUE,NA,NA,NA,NA,"sofern ich weiß",1,4151
55,2,3,102,"leselicht",TRUE,NA,NA,NA,NA,"bekanntlich",5,2409
55,2,4,101,"bahn",TRUE,NA,NA,NA,NA,"bekanntlich",5,5061
55,2,5,108,"laerm",TRUE,NA,NA,NA,NA,"ja",4,3923
55,2,6,103,"kochen",TRUE,NA,NA,NA,NA,"wie wir wissen",3,4345
55,2,7,6,"plastik",FALSE,3,"high","high",79,"bekanntlich",5,4537
55,2,8,7,"sport",FALSE,0,"low","low",83,"ja",4,3638
55,2,9,1,"klimawandel",FALSE,2,"high","low",88,"ja",4,2112
55,2,10,107,"frischluft",TRUE,NA,NA,NA,NA,"wie wir wissen",3,2677
55,2,11,104,"kaffee",TRUE,NA,NA,NA,NA,"ja",4,3206
55,2,12,5,"schlaf",FALSE,2,"high","low",74,"ja",4,4440
55,2,13,8,"lokalkauf",FALSE,1,"low","high",58,"wie du ja weißt",2,1499
55,2,14,4,"digitalisierung",FALSE,1,"low","high",85,"bekanntlich",5,3959
55,2,15,106,"trinken",TRUE,NA,NA,NA,NA,"wie du ja weißt",2,4185
55,2,16,3,"stadtverkehr",FALSE,0,"low","low",71,"sofern ich weiß",1,6944
56,3,1,7,"sport",FALSE,1,"low","high",83,"wie wir wissen",3,4365
56,3,2,101,"bahn",TRUE,NA,NA,NA,NA,"wie du ja weißt",2,2674
56,3,3,107,"frischluft",TRUE,NA,NA,NA,NA,"wie wir wissen",3,4339
56,3,4,5,"schlaf",FALSE,3,"high","high",74,"ja",4,5313
56,3,5,104,"kaffee",TRUE,NA,NA,NA,NA,"bekanntlich",5,4266
56,3,6,105,"urlaub",TRUE,NA,NA,NA,NA,"wie wir wissen",3,3879
56,3,7,8,"lokalkauf",FALSE,2,"high","low",58,"wie du ja weißt",2,4749
56,3,8,3,"stadtverkehr",FALSE,1,"low","high",71,"wie wir wissen",3,9706
56,3,9,2,"ernaehrung",FALSE,0,"low","low",62,"wie du ja weißt",2,5483
56,3,10,4,"digitalisierung",FALSE,2,"high","low",85,"ja",4,3695
56,3,11,102,"leselicht",TRUE,NA,NA,NA,NA,"sofern ich weiß",1,4157
56,3,12,6,"plastik",FALSE,0,"low","low",79,"ja",4,1838
56,3,13,108,"laerm",TRUE,NA,NA,NA,NA,"wie wir wissen",3,2621
56,3,14,106,"trinken",TRUE,NA,NA,NA,NA,"sofern ich weiß",1,4445
56,3,15,103,"kochen",TRUE,NA,NA,NA,NA,"ja",4,3124
56,3,16,1,"klimawandel",FALSE,3,"high","high",88,"bekanntlich",5,4374
57,0,1,3,"stadtverkehr",FALSE,2,"high","low",71,"wie wir wissen",3,5637
57,0,2,104,"kaffee",TRUE,NA,NA,NA,NA,"sofern ich weiß",1,4760
57,0,3,102,"leselicht",TRUE,NA,NA,NA,NA,"ja",4,3097
57,0,4,107,"frischluft",TRUE,NA,NA,NA,NA,"wie wir wissen",3,2468
57,0,5,2,"ernaehrung",FALSE,1,"low","high",62,"wie wir wissen",3,2963
57,0,6,7,"sport",FALSE,2,"high","low",83,"wie wir wissen",3,4444
57,0,7,4,"digitalisierung",FALSE,3,"high","high",85,"bekanntlich",5,3571
57,0,8,105,"urlaub",TRUE,NA,NA,NA,NA,"wie wir wissen",3,3961
57,0,9,6,"plastik",FALSE,1,"low","high",79,"bekanntlich",5,3231
57,0,10,8,"lokalkauf",FALSE,3,"high","high",58,"ja",4,4976
57,0,11,1,"klimawandel",FALSE,0,"low","low",88,"bekanntlich",5,4392
57,0,12,103,"kochen",TRUE,NA,NA,NA,NA,"sofern ich weiß",1,4349
57,0,13,101,"bahn",TRUE,NA,NA,NA,NA,"sofern ich weiß",1,4193
57,0,14,108,"laerm",TRUE,NA,NA,NA,NA,"ja",4,3161
57,0,15,5,"schlaf",FALSE,0,"low","low",74,"wie wir wissen",3,2870
57,0,16,106,"trinken",TRUE,NA,NA,NA,NA,"wie du ja weißt",2,5989
58,1,1,108,"laerm",TRUE,NA,NA,NA,NA,"wie du ja weißt",2,6073
58,1,2,106,"trinken",TRUE,NA,NA,NA,NA,"wie du ja weißt",2,5425
58,1,3,8,"lokalkauf",FALSE,0,"low","low",58,"wie du ja weißt",2,4328
58,1,4,103,"kochen",TRUE,NA,NA,NA,NA,"bekanntlich",5,3083
58,1,5,7,"sport",FALSE,3,"high","high",83,"bekanntlich",5,2120
58,1,6,6,"plastik",FALSE,2,"high","low",79,"wie wir wissen",3,4968
58,1,7,2,"ernaehrung",FALSE,2,"high","low",62,"wie du ja weißt",2,6464
58,1,8,107,"frischluft",TRUE,NA,NA,NA,NA,"wie du ja weißt",2,3636
58,1,9,102,"leselicht",TRUE,NA,NA,NA,NA,"ja",4,4241
58,1,10,104,"kaffee",TRUE,NA,NA,NA,NA,"bekanntlich",5,3803
58,1,11,5,"schlaf",FALSE,1,"low","high",74,"wie du ja weißt",2,3873
58,1,12,3,"stadtverkehr",FALSE,3,"high","high",71,"wie wir wissen",3,3847
58,1,13,101,"bahn",TRUE,NA,NA,NA,NA,"ja",4,3202
58,1,14,105,"urlaub",TRUE,NA,NA,NA,NA,"wie wir wissen",3,3563
58,1,15,1,"klimawandel",FALSE,1,"low","high",88,"bekanntlich",5,4635
58,1,16,4,"digitalisierung",FALSE,0,"low","low",85,"wie wir wissen",3,4757
59,2,1,101,"bahn",TRUE,NA,NA,NA,NA,"bekanntlich",5,2548
59,2,2,104,"kaffee",TRUE,NA,NA,NA,NA,"ja",4,3079
59,2,3,102,"leselicht",TRUE,NA,NA,NA,NA,"ja",4,5141
59,2,4,6,"plastik",FALSE,3,"high","high",79,"bekanntlich",5,5702
59,2,5,4,"digitalisierung",FALSE,1,"low","high",85,"ja",4,6624
59,2,6,7,"sport",FALSE,0,"low","low",83,"wie wir wissen",3,4484
59,2,7,103,"kochen",TRUE,NA,NA,NA,NA,"wie du ja weißt",2,4513
59,2,8,5,"schlaf",FALSE,2,"high","low",74,"ja",4,1354
59,2,9,107,"frischluft",TRUE,NA,NA,NA,NA,"sofern ich weiß",1,4450
59,2,10,8,"lokalkauf",FALSE,1,"low","high",58,"wie du ja weißt",2,3139
59,2,11,105,"urlaub",TRUE,NA,NA,NA,NA,"bekanntlich",5,3713
59,2,12,106,"trinken",TRUE,NA,NA,NA,NA,"ja",4,3703
59,2,13,2,"ernaehrung",FALSE,3,"high","high",62,"ja",4,5072
59,2,14,108,"laerm",TRUE,NA,NA,NA,NA,"wie du ja weißt",2,3374
59,2,15,1,"klimawandel",FALSE,2,"high","low",88,"wie wir wissen",3,3642
59,2,16,3,"stadtverkehr",FALSE,0,"low","low",71,"wie du ja weißt",2,6979
60,3,1,104,"kaffee",TRUE,NA,NA,NA,NA,"ja",4,3832
60,3,2,2,"ernaehrung",FALSE,0,"low","low",62,"wie wir wissen",3,5484
60,3,3,108,"laerm",TRUE,NA,NA,NA,NA,"bekanntlich",5,2482
60,3,4,107,"frischluft",TRUE,NA,NA,NA,NA,"bekanntlich",5,3997
60,3,5,106,"trinken",TRUE,NA,NA,NA,NA,"wie du ja weißt",2,2753
60,3,6,5,"schlaf",FALSE,3,"high","high",74,"ja",4,4195
60,3,7,6,"plastik",FALSE,0,"low","low",79,"bekanntlich",5,5730
60,3,8,102,"leselicht",TRUE,NA,NA,NA,NA,"wie wir wissen",3,4470
60,3,9,4,"digitalisierung",FALSE,2,"high","low",85,"wie wir wissen",3,4843
60,3,10,3,"stadtverkehr",FALSE,1,"low","high",71,"bekanntlich",5,2768
60,3,11,101,"bahn",TRUE,NA,NA,NA,NA,"bekanntlich",5,3813
60,3,12,1,"klimawandel",FALSE,3,"high","high",88,"wie wir wissen",3,3664
60,3,13,8,"lokalkauf",FALSE,2,"high","low",58,"wie du ja weißt",2,5063
60,3,14,103,"kochen",TRUE,NA,NA,NA,NA,"ja",4,3723
60,3,15,7,"sport",FALSE,1,"low","high",83,"bekanntlich",5,4112
60,3,16,105,"urlaub",TRUE,NA,NA,NA,NA,"wie du ja weißt",2,4217
61,0,1,106,"trinken",TRUE,NA,NA,NA,NA,"ja",4,2803
61,0,2,3,"stadtverkehr",FALSE,2,"high","low",71,"wie du ja weißt",2,2662
61,0,3,8,"lokalkauf",FALSE,3,"high","high",58,"ja",4,7637
61,0,4,7,"sport",FALSE,2,"high","low",83,"ja",4,4271
61,0,5,104,"kaffee",TRUE,NA,NA,NA,NA,"wie wir wissen",3,174
61,0,6,108,"laerm",TRUE,NA,NA,NA,NA,"bekanntlich",5,3996
61,0,7,6,"plastik",FALSE,1,"low","high",79,"ja",4,4648
61,0,8,101,"bahn",TRUE,NA,NA,NA,NA,"wie du ja weißt",2,3777
61,0,9,105,"urlaub",TRUE,NA,NA,NA,NA,"wie wir wissen",3,5725
61,0,10,5,"schlaf",FALSE,0,"low","low",74,"wie wir wissen",3,3934
61,0,11,2,"ernaehrung",FALSE,1,"low","high",62,"bekanntlich",5,3667
61,0,12,103,"kochen",TRUE,NA,NA,NA,NA,"sofern ich weiß",1,5237
61,0,13,102,"leselicht",TRUE,NA,NA,NA,NA,"wie du ja weißt",2,5838
61,0,14,107,"frischluft",TRUE,NA,NA,NA,NA,"ja",4,4788
61,0,15,1,"klimawandel",FALSE,0,"low","low",88,"ja",4,2186
61,0,16,4,"digitalisierung",FALSE,3,"high","high",85,"bekanntlich",5,6375
62,1,1,104,"kaffee",TRUE,NA,NA,NA,NA,"sofern ich weiß",1,6280
62,1,2,7,"sport",FALSE,3,"high","high",83,"wie du ja weißt",2,3009
62,1,3,105,"urlaub",TRUE,NA,NA,NA,NA,"sofern ich weiß",1,4084
62,1,4,8,"lokalkauf",FALSE,0,"low","low",58,"ja",4,4129
62,1,5,6,"plastik",FALSE,2,"high","low",79,"sofern ich weiß",1,3340
62,1,6,4,"digitalisierung",FALSE,0,"low","low",85,"bekanntlich",5,1548
62,1,7,102,"leselicht",TRUE,NA,NA,NA,NA,"wie du ja weißt",2,3373
62,1,8,5,"schlaf",FALSE,1,"low","high",74,"wie wir wissen",3,1618
62,1,9,108,"laerm",TRUE,NA,NA,NA,NA,"wie du ja weißt",2,2731
62,1,10,3,"stadtverkehr",FALSE,3,"high","high",71,"ja",4,3232
62,1,11,101,"bahn",TRUE,NA,NA,NA,NA,"wie wir wissen",3,1658
62,1,12,107,"frischluft",TRUE,NA,NA,NA,NA,"ja",4,2837
62,1,13,1,"klimawandel",FALSE,1,"low","high",88,"bekanntlich",5,8043
62,1,14,106,"trinken",TRUE,NA,NA,NA,NA,"ja",4,4665
62,1,15,103,"kochen",TRUE,NA,NA,NA,NA,"ja",4,4409
62,1,16,2,"ernaehrung",FALSE,2,"high","low",62,"sofern ich weiß",1,4730
63,2,1,5,"schlaf",FALSE,2,"high","low",74,"wie du ja weißt",2,4129
63,2,2,2,"ernaehrung",FALSE,3,"high","high",62,"sofern ich weiß",1,5029
63,2,3,104,"kaffee",TRUE,NA,NA,NA,NA,"sofern ich weiß",1,4097
63,2,4,103,"kochen",TRUE,NA,NA,NA,NA,"wie wir wissen",3,4623
63,2,5,1,"klimawandel",FALSE,2,"high","low",88,"ja",4,3295
63,2,6,3,"stadtverkehr",FALSE,0,"low","low",71,"wie du ja weißt",2,7299
63,2,7,8,"lokalkauf",FALSE,1,"low","high",58,"ja",4,2442
63,2,8,6,"plastik",FALSE,3,"high","high",79,"bekanntlich",5,3576
63,2,9,106,"trinken",TRUE,NA,NA,NA,NA,"wie wir wissen",3,5439
63,2,10,108,"laerm",TRUE,NA,NA,NA,NA,"wie du ja weißt",2,4441
63,2,11,101,"bahn",TRUE,NA,NA,NA,NA,"wie wir wissen",3,6662
63,2,12,4,"digitalisierung",FALSE,1,"low","high",85,"bekanntlich",5,6026
63,2,13,7,"sport",FALSE,0,"low","low",83,"ja",4,5446
63,2,14,102,"leselicht",TRUE,NA,NA,NA,NA,"bekanntlich",5,4512
63,2,15,105,"urlaub",TRUE,NA,NA,NA,NA,"wie du ja weißt",2,4159
63,2,16,107,"frischluft",TRUE,NA,NA,NA,NA,"wie du ja weißt",2,1573
64,3,1,3,"stadtverkehr",FALSE,1,"low","high",71,"bekanntlich",5,5597
64,3,2,1,"klimawandel",FALSE,3,"high","high",88,"bekanntlich",5,3311
64,3,3,105,"urlaub",TRUE,NA,NA,NA,NA,"bekanntlich",5,5461
64,3,4,103,"kochen",TRUE,NA,NA,NA,NA,"sofern ich weiß",1,4027
64,3,5,104,"kaffee",TRUE,NA,NA,NA,NA,"wie wir wissen",3,967
64,3,6,2,"ernaehrung",FALSE,0,"low","low",62,"wie wir wissen",3,5908
64,3,7,106,"trinken",TRUE,NA,NA,NA,NA,"bekanntlich",5,4463
64,3,8,4,"digitalisierung",FALSE,2,"high","low",85,"wie du ja weißt",2,4035
64,3,9,102,"leselicht",TRUE,NA,NA,NA,NA,"sofern ich weiß",1,3640
64,3,10,6,"plastik",FALSE,0,"low","low",79,"wie wir wissen",3,4413
64,3,11,101,"bahn",TRUE,NA,NA,NA,NA,"wie du ja weißt",2,4941
64,3,12,5,"schlaf",FALSE,3,"high","high",74,"wie du ja weißt",2,6057
64,3,13,7,"sport",FALSE,1,"low","high",83,"bekanntlich",5,3550
64,3,14,107,"frischluft",TRUE,NA,NA,NA,NA,"ja",4,4880
64,3,15,108,"laerm",TRUE,NA,NA,NA,NA,"wie du ja weißt",2,4546
64,3,16,8,"lokalkauf",FALSE,2,"high","low",58,"sofern ich weiß",1,5665
65,0,1,3,"stadtverkehr",FALSE,2,"high","low",71,"wie du ja weißt",2,4812
65,0,2,106,"trinken",TRUE,NA,NA,NA,NA,"sofern ich weiß",1,2608
65,0,3,101,"bahn",TRUE,NA,NA,NA,NA,"wie du ja weißt",2,4898
65,0,4,107,"frischluft",TRUE,NA,NA,NA,NA,"ja",4,3059
65,0,5,1,"klimawandel",FALSE,0,"low","low",88,"ja",4,5918
65,0,6,2,"ernaehrung",FALSE,1,"low","high",62,"bekanntlich",5,4129
65,0,7,6,"plastik",FALSE,1,"low","high",79,"bekanntlich",5,6130
65,0,8,104,"kaffee",TRUE,NA,NA,NA,NA,"bekanntlich",5,3086
65,0,9,8,"lokalkauf",FALSE,3,"high","high",58,"sofern ich weiß",1,5065
65,0,10,108,"laerm",TRUE,NA,NA,NA,NA,"ja",4,2653
65,0,11,103,"kochen",TRUE,NA,NA,NA,NA,"ja",4,3396
65,0,12,102,"leselicht",TRUE,NA,NA,NA,NA,"sofern ich weiß",1,4308
65,0,13,7,"sport",FALSE,2,"high","low",83,"sofern ich weiß",1,2726
65,0,14,5,"schlaf",FALSE,0,"low","low",74,"wie wir wissen",3,5680
65,0,15,105,"urlaub",TRUE,NA,NA,NA,NA,"bekanntlich",5,5862
65,0,16,4,"digitalisierung",FALSE,3,"high","high",85,"bekanntlich",5,4675
66,1,1,8,"lokalkauf",FALSE,0,"low","low",58,"wie du ja weißt",2,5286
66,1,2,105,"urlaub",TRUE,NA,NA,NA,NA,"wie wir wissen",3,5061
66,1,3,107,"frischluft",TRUE,NA,NA,NA,NA,"wie du ja weißt",2,5338
66,1,4,7,"sport",FALSE,3,"high","high",83,"wie du ja weißt",2,5620
66,1,5,102,"leselicht",TRUE,NA,NA,NA,NA,"wie du ja weißt",2,2257
66,1,6,103,"kochen",TRUE,NA,NA,NA,NA,"sofern ich weiß",1,3819
66,1,7,2,"ernaehrung",FALSE,2,"high","low",62,"sofern ich weiß",1,2694
66,1,8,1,"klimawandel",FALSE,1,"low","high",88,"bekanntlich",5,4949
66,1,9,106,"trinken",TRUE,NA,NA,NA,NA,"sofern ich weiß",1,4098
66,1,10,3,"stadtverkehr",FALSE,3,"high","high",71,"wie wir wissen",3,4567
66,1,11,104,"kaffee",TRUE,NA,NA,NA,NA,"wie wir wissen",3,3299
66,1,12,6,"plastik",FALSE,2,"high","low",79,"wie du ja weißt",2,6274
66,1,13,108,"laerm",TRUE,NA,NA,NA,NA,"wie wir wissen",3,4150
66,1,14,101,"bahn",TRUE,NA,NA,NA,NA,"ja",4,3743
66,1,15,4,"digitalisierung",FALSE,0,"low","low",85,"sofern ich weiß",1,5629
66,1,16,5,"schlaf",FALSE,1,"low","high",74,"wie wir wissen",3,6366
67,2,1,4,"digitalisierung",FALSE,1,"low","high",85,"bekanntlich",5,3731
67,2,2,6,"plastik",FALSE,3,"high","high",79,"bekanntlich",5,4318
67,2,3,1,"klimawandel",FALSE,2,"high","low",88,"wie wir wissen",3,7221
67,2,4,105,"urlaub",TRUE,NA,NA,NA,NA,"ja",4,3178
67,2,5,2,"ernaehrung",FALSE,3,"high","high",62,"wie wir wissen",3,4361
67,2,6,103,"kochen",TRUE,NA,NA,NA,NA,"wie du ja weißt",2,2867
67,2,7,106,"trinken",TRUE,NA,NA,NA,NA,"ja",4,3550
67,2,8,104,"kaffee",TRUE,NA,NA,NA,NA,"sofern ich weiß",1,3600
67,2,9,108,"laerm",TRUE,NA,NA,NA,NA,"wie du ja weißt",2,1333
67,2,10,107,"frischluft",TRUE,NA,NA,NA,NA,"bekanntlich",5,3664
67,2,11,102,"leselicht",TRUE,NA,NA,NA,NA,"wie wir wissen",3,5196
67,2,12,7,"sport",FALSE,0,"low","low",83,"bekanntlich",5,2756
67,2,13,8,"lokalkauf",FALSE,1,"low","high",58,"wie du ja weißt",2,3828
67,2,14,101,"bahn",TRUE,NA,NA,NA,NA,"wie du ja weißt",2,3944
67,2,15,5,"schlaf",FALSE,2,"high","low",74,"wie wir wissen",3,5503
67,2,16,3,"stadtverkehr",FALSE,0,"low","low",71,"ja",4,4944
68,3,1,108,"laerm",TRUE,NA,NA,NA,NA,"sofern ich weiß",1,6034
68,3,2,1,"klimawandel",FALSE,3,"high","high",88,"bekanntlich",5,4728
68,3,3,2,"ernaehrung",FALSE,0,"low","low",62,"wie du ja weißt",2,6386
68,3,4,104,"kaffee",TRUE,NA,NA,NA,NA,"wie wir wissen",3,6192
68,3,5,3,"stadtverkehr",FALSE,1,"low","high",71,"bekanntlich",5,3945
68,3,6,102,"leselicht",TRUE,NA,NA,NA,NA,"wie wir wissen",3,3829
68,3,7,6,"plastik",FALSE,0,"low","low",79,"bekanntlich",5,4326
68,3,8,5,"schlaf",FALSE,3,"high","high",74,"bekanntlich",5,1735
68,3,9,8,"lokalkauf",FALSE,2,"high","low",58,"wie du ja weißt",2,5864
68,3,10,107,"frischluft",TRUE,NA,NA,NA,NA,"wie du ja weißt",2,4414
68,3,11,7,"sport",FALSE,1,"low","high",83,"bekanntlich",5,3267
68,3,12,106,"trinken",TRUE,NA,NA,NA,NA,"ja",4,1088
68,3,13,105,"urlaub",TRUE,NA,NA,NA,NA,"sofern ich weiß",1,3852
68,3,14,101,"bahn",TRUE,NA,NA,NA,NA,"ja",4,4367
68,3,15,103,"kochen",TRUE,NA,NA,NA,NA,"ja",4,2850
68,3,16,4,"digitalisierung",FALSE,2,"high","low",85,"ja",4,2393
69,0,1,5,"schlaf",FALSE,0,"low","low",74,"ja",4,4243
69,0,2,7,"sport",FALSE,2,"high","low",83,"wie wir wissen",3,3310
69,0,3,6,"plastik",FALSE,1,"low","high",79,"ja",4,5430
69,0,4,107,"frischluft",TRUE,NA,NA,NA,NA,"bekanntlich",5,4700
69,0,5,4,"digitalisierung",FALSE,3,"high","high",85,"bekanntlich",5,4944
69,0,6,3,"stadtverkehr",FALSE,2,"high","low",71,"wie du ja weißt",2,5503
69,0,7,108,"laerm",TRUE,NA,NA,NA,NA,"sofern ich weiß",1,2651
69,0,8,1,"klimawandel",FALSE,0,"low","low",88,"ja",4,4499
69,0,9,105,"urlaub",TRUE,NA,NA,NA,NA,"ja",4,3383
69,0,10,103,"kochen",TRUE,NA,NA,NA,NA,"sofern ich weiß",1,3100
69,0,11,8,"lokalkauf",FALSE,3,"high","high",58,"wie wir wissen",3,3206
69,0,12,106,"trinken",TRUE,NA,NA,NA,NA,"bekanntlich",5,4720
69,0,13,2,"ernaehrung",FALSE,1,"low","high",62,"sofern ich weiß",1,5142
69,0,14,101,"bahn",TRUE,NA,NA,NA,NA,"sofern ich weiß",1,805
69,0,15,104,"kaffee",TRUE,NA,NA,NA,NA,"sofern ich weiß",1,2950
69,0,16,102,"leselicht",TRUE,NA,NA,NA,NA,"wie du ja weißt",2,4037
70,1,1,105,"urlaub",TRUE,NA,NA,NA,NA,"wie du ja weißt",2,1747
70,1,2,6,"plastik",FALSE,2,"high","low",79,"sofern ich weiß",1,1977
70,1,3,1,"klimawandel",FALSE,1,"low","high",88,"ja",4,2759
70,1,4,2,"ernaehrung",FALSE,2,"high","low",62,"sofern ich weiß",1,5002
70,1,5,107,"frischluft",TRUE,NA,NA,NA,NA,"bekanntlich",5,4347
70,1,6,102,"leselicht",TRUE,NA,NA,NA,NA,"bekanntlich",5,3883
70,1,7,7,"sport",FALSE,3,"high","high",83,"ja",4,3810
70,1,8,8,"lokalkauf",FALSE,0,"low","low",58,"sofern ich weiß",1,6061
70,1,9,101,"bahn",TRUE,NA,NA,NA,NA,"bekanntlich",5,3776
70,1,10,108,"laerm",TRUE,NA,NA,NA,NA,"wie du ja weißt",2,3632
70,1,11,5,"schlaf",FALSE,1,"low","high",74,"ja",4,4911
70,1,12,106,"trinken",TRUE,NA,NA,NA,NA,"wie du ja weißt",2,3151
70,1,13,103,"kochen",TRUE,NA,NA,NA,NA,"sofern ich weiß",1,3406
70,1,14,3,"stadtverkehr",FALSE,3,"high","high",71,"wie wir wissen",3,3037
70,1,15,4,"digitalisierung",FALSE,0,"low","low",85,"wie du ja weißt",2,2489
70,1,16,104,"kaffee",TRUE,NA,NA,NA,NA,"sofern ich weiß",1,4919
71,2,1,104,"kaffee",TRUE,NA,NA,NA,NA,"sofern ich weiß",1,7795
71,2,2,102,"leselicht",TRUE,NA,NA,NA,NA,"bekanntlich",5,4601
71,2,3,2,"ernaehrung",FALSE,3,"high","high",62,"wie wir wissen",3,1502
71,2,4,101,"bahn",TRUE,NA,NA,NA,NA,"ja",4,2121
71,2,5,8,"lokalkauf",FALSE,1,"low","high",58,"bekanntlich",5,2900
71,2,6,5,"schlaf",FALSE,2,"high","low",74,"wie wir wissen",3,3375
71,2,7,105,"urlaub",TRUE,NA,NA,NA,NA,"wie wir wissen",3,2487
71,2,8,107,"frischluft",TRUE,NA,NA,NA,NA,"wie wir wissen",3,5960
71,2,9,106,"trinken",TRUE,NA,NA,NA,NA,"bekanntlich",5,2280
71,2,10,1,"klimawandel",FALSE,2,"high","low",88,"wie wir wissen",3,5976
71,2,11,4,"digitalisierung",FALSE,1,"low","high",85,"bekanntlich",5,2044
71,2,12,108,"laerm",TRUE,NA,NA,NA,NA,"wie wir wissen",3,3102
71,2,13,3,"stadtverkehr",FALSE,0,"low","low",71,"ja",4,7663
71,2,14,6,"plastik",FALSE,3,"high","high",79,"ja",4,6041
71,2,15,103,"kochen",TRUE,NA,NA,NA,NA,"sofern ich weiß",1,6453
71,2,16,7,"sport",FALSE,0,"low","low",83,"bekanntlich",5,2320
72,3,1,105,"urlaub",TRUE,NA,NA,NA,NA,"bekanntlich",5,3980
72,3,2,8,"lokalkauf",FALSE,2,"high","low",58,"wie du ja weißt",2,4798
72,3,3,3,"stadtverkehr",FALSE,1,"low","high",71,"bekanntlich",5,2338
72,3,4,102,"leselicht",TRUE,NA,NA,NA,NA,"sofern ich weiß",1,2127
72,3,5,6,"plastik",FALSE,0,"low","low",79,"wie du ja weißt",2,6113
72,3,6,103,"kochen",TRUE,NA,NA,NA,NA,"ja",4,2632
72,3,7,2,"ernaehrung",FALSE,0,"low","low",62,"wie du ja weißt",2,2364
72,3,8,4,"digitalisierung",FALSE,2,"high","low",85,"sofern ich weiß",1,5336
72,3,9,106,"trinken",TRUE,NA,NA,NA,NA,"wie wir wissen",3,3521
72,3,10,101,"bahn",TRUE,NA,NA,NA,NA,"sofern ich weiß",1,1979
72,3,11,1,"klimawandel",FALSE,3,"high","high",88,"bekanntlich",5,2939
72,3,12,104,"kaffee",TRUE,NA,NA,NA,NA,"ja",4,4243
72,3,13,107,"frischluft",TRUE,NA,NA,NA,NA,"bekanntlich",5,3906
72,3,14,7,"sport",FALSE,1,"low","high",83,"bekanntlich",5,4812
72,3,15,5,"schlaf",FALSE,3,"high","high",74,"wie wir wissen",3,1544
72,3,16,108,"laerm",TRUE,NA,NA,NA,NA,"bekanntlich",5,2297
73,0,1,2,"ernaehrung",FALSE,1,"low","high",62,"wie wir wissen",3,3961
73,0,2,5,"schlaf",FALSE,0,"low","low",74,"wie wir wissen",3,4870
73,0,3,3,"stadtverkehr",FALSE,2,"high","low",71,"sofern ich weiß",1,4305
73,0,4,101,"bahn",TRUE,NA,NA,NA,NA,"bekanntlich",5,2824
73,0,5,106,"trinken",TRUE,NA,NA,NA,NA,"wie wir wissen",3,4165
73,0,6,4,"digitalisierung",FALSE,3,"high","high",85,"ja",4,6129
73,0,7,107,"frischluft",TRUE,NA,NA,NA,NA,"wie du ja weißt",2,3440
73,0,8,8,"lokalkauf",FALSE,3,"high","high",58,"sofern ich weiß",1,4353
73,0,9,102,"leselicht",TRUE,NA,NA,NA,NA,"bekanntlich",5,3213
73,0,10,1,"klimawandel",FALSE,0,"low","low",88,"ja",4,4076
73,0,11,103,"kochen",TRUE,NA,NA,NA,NA,"wie wir wissen",3,5848
73,0,12,104,"kaffee",TRUE,NA,NA,NA,NA,"bekanntlich",5,4049
73,0,13,105,"urlaub",TRUE,NA,NA,NA,NA,"ja",4,5169
73,0,14,6,"plastik",FALSE,1,"low","high",79,"ja",4,2241
73,0,15,7,"sport",FALSE,2,"high","low",83,"wie wir wissen",3,2526
73,0,16,108,"laerm",TRUE,NA,NA,NA,NA,"sofern ich weiß",1,4900
74,1,1,105,"urlaub",TRUE,NA,NA,NA,NA,"sofern ich weiß",1,2699
74,1,2,107,"frischluft",TRUE,NA,NA,NA,NA,"ja",4,2458
74,1,3,104,"kaffee",TRUE,NA,NA,NA,NA,"bekanntlich",5,3076
74,1,4,103,"kochen",TRUE,NA,NA,NA,NA,"bekanntlich",5,2055
74,1,5,1,"klimawandel",FALSE,1,"low","high",88,"bekanntlich",5,4224
74,1,6,108,"laerm",TRUE,NA,NA,NA,NA,"wie wir wissen",3,2276
74,1,7,4,"digitalisierung",FALSE,0,"low","low",85,"wie wir wissen",3,7479
74,1,8,101,"bahn",TRUE,NA,NA,NA,NA,"bekanntlich",5,5139
74,1,9,6,"plastik",FALSE,2,"high","low",79,"wie du ja weißt",2,3904
74,1,10,8,"lokalkauf",FALSE,0,"low","low",58,"sofern ich weiß",1,3311
74,1,11,102,"leselicht",TRUE,NA,NA,NA,NA,"sofern ich weiß",1,3143
74,1,12,106,"trinken",TRUE,NA,NA,NA,NA,"bekanntlich",5,3410
74,1,13,5,"schlaf",FALSE,1,"low","high",74,"wie wir wissen",3,1265
74,1,14,7,"sport",FALSE,3,"high","high",83,"ja",4,3261
74,1,15,2,"ernaehrung",FALSE,2,"high","low",62,"wie wir wissen",3,1887
74,1,16,3,"stadtverkehr",FALSE,3,"high","high",71,"wie du ja weißt",2,5693
75,2,1,8,"lokalkauf",FALSE,1,"low","high",58,"ja",4,5152
75,2,2,4,"digitalisierung",FALSE,1,"low","high",85,"bekanntlich",5,4542
75,2,3,6,"plastik",FALSE,3,"high","high",79,"bekanntlich",5,5676
75,2,4,102,"leselicht",TRUE,NA,NA,NA,NA,"wie wir wissen",3,4699
75,2,5,1,"klimawandel",FALSE,2,"high","low",88,"wie du ja weißt",2,2801
75,2,6,2,"ernaehrung",FALSE,3,"high","high",62,"wie du ja weißt",2,3038
75,2,7,106,"trinken",TRUE,NA,NA,NA,NA,"sofern ich weiß",1,2165
75,2,8,103,"kochen",TRUE,NA,NA,NA,NA,"ja",4,5991
75,2,9,101,"bahn",TRUE,NA,NA,NA,NA,"bekanntlich",5,3267
75,2,10,3,"stadtverkehr",FALSE,0,"low","low",71,"ja",4,4872
75,2,11,105,"urlaub",TRUE,NA,NA,NA,NA,"sofern ich weiß",1,3341
75,2,12,104,"kaffee",TRUE,NA,NA,NA,NA,"wie wir wissen",3,3730
75,2,13,108,"laerm",TRUE,NA,NA,NA,NA,"sofern ich weiß",1,5239
75,2,14,7,"sport",FALSE,0,"low","low",83,"ja",4,4739
75,2,15,5,"schlaf",FALSE,2,"high","low",74,"sofern ich weiß",1,8026
75,2,16,107,"frischluft",TRUE,NA,NA,NA,NA,"sofern ich weiß",1,4226
76,3,1,2,"ernaehrung",FALSE,0,"low","low",62,"wie wir wissen",3,5566
76,3,2,1,"klimawandel",FALSE,3,"high","high",88,"bekanntlich",5,4397
76,3,3,5,"schlaf",FALSE,3,"high","high",74,"ja",4,3581
76,3,4,107,"frischluft",TRUE,NA,NA,NA,NA,"wie du ja weißt",2,5454
76,3,5,6,"plastik",FALSE,0,"low","low",79,"ja",4,1724
76,3,6,8,"lokalkauf",FALSE,2,"high","low",58,"wie du ja weißt",2,2240
76,3,7,108,"laerm",TRUE,NA,NA,NA,NA,"sofern ich weiß",1,5072
76,3,8,7,"sport",FALSE,1,"low","high",83,"ja",4,5441
76,3,9,3,"stadtverkehr",FALSE,1,"low","high",71,"ja",4,6470
76,3,10,102,"leselicht",TRUE,NA,NA,NA,NA,"ja",4,2939
76,3,11,106,"trinken",TRUE,NA,NA,NA,NA,"sofern ich weiß",1,4948
76,3,12,101,"bahn",TRUE,NA,NA,NA,NA,"ja",4,3345
76,3,13,4,"digitalisierung",FALSE,2,"high","low",85,"wie wir wissen",3,5368
76,3,14,105,"urlaub",TRUE,NA,NA,NA,NA,"sofern ich weiß",1,4164
76,3,15,103,"kochen",TRUE,NA,NA,NA,NA,"bekanntlich",5,2379
76,3,16,104,"kaffee",TRUE,NA,NA,NA,NA,"bekanntlich",5,3293
77,0,1,101,"bahn",TRUE,NA,NA,NA,NA,"bekanntlich",5,1707
77,0,2,103,"kochen",TRUE,NA,NA,NA,NA,"bekanntlich",5,5310
77,0,3,105,"urlaub",TRUE,NA,NA,NA,NA,"wie wir wissen",3,3802
77,0,4,6,"plastik",FALSE,1,"low","high",79,"ja",4,5114
77,0,5,106,"trinken",TRUE,NA,NA,NA,NA,"ja",4,4612
77,0,6,107,"frischluft",TRUE,NA,NA,NA,NA,"sofern ich weiß",1,4000
77,0,7,102,"leselicht",TRUE,NA,NA,NA,NA,"wie wir wissen",3,3151
77,0,8,108,"laerm",TRUE,NA,NA,NA,NA,"wie du ja weißt",2,4848
77,0,9,104,"kaffee",TRUE,NA,NA,NA,NA,"bekanntlich",5,4601
77,0,10,4,"digitalisierung",FALSE,3,"high","high",85,"ja",4,3198
77,0,11,3,"stadtverkehr",FALSE,2,"high","low",71,"ja",4,2695
77,0,12,8,"lokalkauf",FALSE,3,"high","high",58,"wie du ja weißt",2,2696
77,0,13,2,"ernaehrung",FALSE,1,"low","high",62,"ja",4,6802
77,0,14,7,"sport",FALSE,2,"high","low",83,"bekanntlich",5,3506
77,0,15,5,"schlaf",FALSE,0,"low","low",74,"wie wir wissen",3,6512
77,0,16,1,"klimawandel",FALSE,0,"low","low",88,"wie du ja weißt",2,5165
78,1,1,103,"kochen",TRUE,NA,NA,NA,NA,"bekanntlich",5,3150
78,1,2,105,"urlaub",TRUE,NA,NA,NA,NA,"sofern ich weiß",1,3040
78,1,3,108,"laerm",TRUE,NA,NA,NA,NA,"wie wir wissen",3,3855
78,1,4,4,"digitalisierung",FALSE,0,"low","low",85,"bekanntlich",5,1819
78,1,5,102,"leselicht",TRUE,NA,NA,NA,NA,"wie du ja weißt",2,4330
78,1,6,106,"trinken",TRUE,NA,NA,NA,NA,"wie wir wissen",3,3794
78,1,7,8,"lokalkauf",FALSE,0,"low","low",58,"ja",4,4982
78,1,8,101,"bahn",TRUE,NA,NA,NA,NA,"wie wir wissen",3,2692
78,1,9,3,"stadtverkehr",FALSE,3,"high","high",71,"bekanntlich",5,1231
78,1,10,104,"kaffee",TRUE,NA,NA,NA,NA,"sofern ich weiß",1,725
78,1,11,107,"frischluft",TRUE,NA,NA,NA,NA,"wie du ja weißt",2,3615
78,1,12,5,"schlaf",FALSE,1,"low","high",74,"bekanntlich",5,2707
78,1,13,6,"plastik",FALSE,2,"high","low",79,"ja",4,6291
78,1,14,1,"klimawandel",FALSE,1,"low","high",88,"bekanntlich",5,4894
78,1,15,2,"ernaehrung",FALSE,2,"high","low",62,"ja",4,4729
78,1,16,7,"sport",FALSE,3,"high","high",83,"bekanntlich",5,2931
79,2,1,8,"lokalkauf",FALSE,1,"low","high",58,"wie du ja weißt",2,5145
79,2,2,6,"plastik",FALSE,3,"high","high",79,"wie wir wissen",3,6065
79,2,3,102,"leselicht",TRUE,NA,NA,NA,NA,"wie du ja weißt",2,5035
79,2,4,1,"klimawandel",FALSE,2,"high","low",88,"wie du ja weißt",2,1444
79,2,5,101,"bahn",TRUE,NA,NA,NA,NA,"bekanntlich",5,4565
79,2,6,105,"urlaub",TRUE,NA,NA,NA,NA,"wie wir wissen",3,3764
79,2,7,7,"sport",FALSE,0,"low","low",83,"wie wir wissen",3,2927
79,2,8,5,"schlaf",FALSE,2,"high","low",74,"wie du ja weißt",2,4483
79,2,9,104,"kaffee",TRUE,NA,NA,NA,NA,"wie wir wissen",3,3056
79,2,10,106,"trinken",TRUE,NA,NA,NA,NA,"wie du ja weißt",2,5298
79,2,11,3,"stadtverkehr",FALSE,0,"low","low",71,"wie wir wissen",3,3846
79,2,12,4,"digitalisierung",FALSE,1,"low","high",85,"bekanntlich",5,7158
79,2,13,2,"ernaehrung",FALSE,3,"high","high",62,"sofern ich weiß",1,3505
79,2,14,108,"laerm",TRUE,NA,NA,NA,NA,"bekanntlich",5,1742
79,2,15,107,"frischluft",TRUE,NA,NA,NA,NA,"ja",4,4737
79,2,16,103,"kochen",TRUE,NA,NA,NA,NA,"ja",4,5121
80,3,1,8,"lokalkauf",FALSE,2,"high","low",58,"wie du ja weißt",2,4072
80,3,2,103,"kochen",TRUE,NA,NA,NA,NA,"sofern ich weiß",1,2001
80,3,3,105,"urlaub",TRUE,NA,NA,NA,NA,"wie du ja weißt",2,587
80,3,4,108,"laerm",TRUE,NA,NA,NA,NA,"wie wir wissen",3,4695
80,3,5,106,"trinken",TRUE,NA,NA,NA,NA,"bekanntlich",5,2766
80,3,6,6,"plastik",FALSE,0,"low","low",79,"wie wir wissen",3,5047
80,3,7,5,"schlaf",FALSE,3,"high","high",74,"ja",4,4730
80,3,8,104,"kaffee",TRUE,NA,NA,NA,NA,"bekanntlich",5,4040
80,3,9,4,"digitalisierung",FALSE,2,"high","low",85,"wie wir wissen",3,3305
80,3,10,102,"leselicht",TRUE,NA,NA,NA,NA,"wie wir wissen",3,7609
80,3,11,3,"stadtverkehr",FALSE,1,"low","high",71,"wie wir wissen",3,5348
80,3,12,101,"bahn",TRUE,NA,NA,NA,NA,"sofern ich weiß",1,4990
80,3,13,7,"sport",FALSE,1,"low","high",83,"ja",4,3985
80,3,14,1,"klimawandel",FALSE,3,"high","high",88,"ja",4,3677
80,3,15,107,"frischluft",TRUE,NA,NA,NA,NA,"bekanntlich",5,3482
80,3,16,2,"ernaehrung",FALSE,0,"low","low",62,"wie wir wissen",3,3082
